FIPS,county,state,number
1001,Autauga,AL,AL-507
1003,Baldwin,AL,AL-501
1005,Barbour,AL,AL-507
1007,Bibb,AL,AL-507
1009,Blount,AL,AL-503
1011,Bullock,AL,AL-507
1013,Butler,AL,AL-507
1015,Calhoun,AL,AL-505
1017,Chambers,AL,AL-507
1019,Cherokee,AL,AL-503
1021,Chilton,AL,AL-507
1023,Choctaw,AL,AL-507
1025,Clarke,AL,AL-507
1027,Clay,AL,AL-507
1029,Cleburne,AL,AL-505
1031,Coffee,AL,AL-507
1033,Colbert,AL,AL-502
1035,Conecuh,AL,AL-507
1037,Coosa,AL,AL-507
1039,Covington,AL,AL-507
1041,Crenshaw,AL,AL-507
1043,Cullman,AL,AL-503
1045,Dale,AL,AL-507
1047,Dallas,AL,AL-507
1049,DeKalb,AL,AL-503
1051,Elmore,AL,AL-507
1053,Escambia,AL,AL-507
1055,Etowah,AL,AL-505
1057,Fayette,AL,AL-507
1059,Franklin,AL,AL-502
1061,Geneva,AL,AL-507
1063,Greene,AL,AL-507
1065,Hale,AL,AL-507
1067,Henry,AL,AL-507
1069,Houston,AL,AL-507
1071,Jackson,AL,AL-503
1073,Jefferson,AL,AL-500
1075,Lamar,AL,AL-507
1077,Lauderdale,AL,AL-502
1079,Lawrence,AL,AL-507
1081,Lee,AL,AL-507
1083,Limestone,AL,AL-503
1085,Lowndes,AL,AL-507
1087,Macon,AL,AL-507
1089,Madison,AL,AL-503
1091,Marengo,AL,AL-507
1093,Marion,AL,AL-502
1095,Marshall,AL,AL-505
1097,Mobile,AL,AL-501
1099,Monroe,AL,AL-507
1101,Montgomery,AL,AL-504
1103,Morgan,AL,AL-503
1105,Perry,AL,AL-507
1107,Pickens,AL,AL-507
1109,Pike,AL,AL-507
1111,Randolph,AL,AL-507
1113,Russell,AL,AL-507
1115,St. Clair,AL,AL-500
1117,Shelby,AL,AL-500
1119,Sumter,AL,AL-507
1121,Talladega,AL,AL-505
1123,Tallapoosa,AL,AL-507
1125,Tuscaloosa,AL,AL-506
1127,Walker,AL,AL-507
1129,Washington,AL,AL-507
1131,Wilcox,AL,AL-507
1133,Winston,AL,AL-507
2013,Aleutians East,AK,AK-501
2016,Aleutians West,AK,AK-501
2020,Anchorage,AK,AK-500
2050,Bethel,AK,AK-501
2060,Bristol Bay,AK,AK-501
2068,Denali,AK,AK-501
2070,Dillingham,AK,AK-501
2090,Fairbanks North Star,AK,AK-501
2100,Haines,AK,AK-501
2105,Hoonah-Angoon,AK,AK-501
2110,Juneau,AK,AK-501
2122,Kenai Peninsula,AK,AK-501
2130,Ketchikan Gateway,AK,AK-501
2150,Kodiak Island,AK,AK-501
2164,Lake and Peninsula,AK,AK-501
2170,Matanuska-Susitna,AK,AK-501
2180,Nome,AK,AK-501
2185,North Slope,AK,AK-501
2188,Northwest Arctic,AK,AK-501
2195,Petersburg,AK,AK-501
2201,Prince of Wales,AK,AK-501
2220,Sitka,AK,AK-501
2232,Skagway,AK,AK-501
2240,Southeast Fairbanks,AK,AK-501
2261,Valdez-Cordova,AK,AK-501
2270,Wade Hampton,AK,AK-501
2280,Wrangell City,AK,AK-501
2282,Yakutat,AK,AK-501
2290,Yukon-Koyukuk,AK,AK-501
4001,Apache,AZ,AZ-500
4003,Cochise,AZ,AZ-502
4005,Coconino,AZ,AZ-502
4007,Gila,AZ,AZ-500
4009,Graham,AZ,AZ-500
4011,Greenlee,AZ,AZ-500
4012,La Paz,AZ,AZ-500
4013,Maricopa,AZ,AZ-502
4015,Mohave,AZ,AZ-500
4017,Navajo,AZ,AZ-500
4019,Pima,AZ,AZ-501
4021,Pinal,AZ,AZ-500
4023,Santa Cruz,AZ,AZ-500
4025,Yavapai,AZ,AZ-500
4027,Yuma,AZ,AZ-500
5001,Arkansas,AR,AR-503
5003,Ashley,AR,AR-505
5005,Baxter,AR,AR-503
5007,Benton,AR,AR-501
5009,Boone,AR,AR-503
5011,Bradley,AR,AR-505
5013,Calhoun,AR,AR-503
5015,Carroll,AR,AR-503
5017,Chicot,AR,AR-505
5019,Clark,AR,AR-503
5021,Clay,AR,AR-503
5023,Cleburne,AR,AR-503
5025,Cleveland,AR,AR-505
5027,Columbia,AR,AR-503
5029,Conway,AR,AR-503
5031,Craighead,AR,AR-503
5033,Crawford,AR,AR-503
5035,Crittenden,AR,AR-503
5037,Cross,AR,AR-503
5039,Dallas,AR,AR-503
5041,Desha,AR,AR-505
5043,Drew,AR,AR-505
5045,Faulkner,AR,AR-500
5047,Franklin,AR,AR-503
5049,Fulton,AR,AR-503
5051,Garland,AR,AR-503
5053,Grant,AR,AR-500
5055,Greene,AR,AR-503
5057,Hempstead,AR,AR-503
5059,Hot Spring,AR,AR-503
5061,Howard,AR,AR-503
5063,Independence,AR,AR-503
5065,Izard,AR,AR-503
5067,Jackson,AR,AR-503
5069,Jefferson,AR,AR-505
5071,Johnson,AR,AR-503
5073,Lafayette,AR,AR-503
5075,Lawrence,AR,AR-503
5077,Lee,AR,AR-503
5079,Lincoln,AR,AR-505
5081,Little River,AR,AR-503
5083,Logan,AR,AR-503
5085,Lonoke,AR,AR-500
5087,Madison,AR,AR-501
5089,Marion,AR,AR-503
5091,Miller,AR,AR-503
5093,Mississippi,AR,AR-503
5095,Monroe,AR,AR-503
5097,Montgomery,AR,AR-503
5099,Nevada,AR,AR-503
5101,Newton,AR,AR-503
5103,Ouachita,AR,AR-503
5105,Perry,AR,AR-503
5107,Phillips,AR,AR-503
5109,Pike,AR,AR-503
5111,Poinsett,AR,AR-503
5113,Polk,AR,AR-503
5115,Pope,AR,AR-503
5117,Prairie,AR,AR-503
5119,Pulaski,AR,AR-500
5121,Randolph,AR,AR-503
5123,St Francis,AR,AR-503
5125,Saline,AR,AR-500
5127,Scott,AR,AR-503
5129,Searcy,AR,AR-503
5131,Sebastian,AR,AR-508
5133,Sevier,AR,AR-503
5135,Sharp,AR,AR-503
5137,Stone,AR,AR-503
5139,Union,AR,AR-503
5141,Van Buren,AR,AR-503
5143,Washington,AR,AR-501
5145,White,AR,AR-503
5147,Woodruff,AR,AR-503
5149,Yell,AR,AR-503
6001,Alameda,CA,CA-502
6003,Alpine,CA,CA-615
6005,Amador,CA,CA-526
6007,Butte,CA,CA-519
6009,Calaveras,CA,CA-526
6011,Colusa,CA,CA-523
6013,Contra Costa,CA,CA-505
6015,Del Norte,CA,CA-516
6017,El Dorado,CA,CA-525
6019,Fresno,CA,CA-514
6021,Glenn,CA,CA-523
30000,Glendale,CA,CA-612
6023,Humboldt,CA,CA-522
6025,Imperial,CA,CA-613
6027,Inyo,CA,CA-615
6029,Kern,CA,CA-604
6031,Kings,CA,CA-513
6033,Lake,CA,CA-529
6035,Lassen,CA,CA-516
43000,Long Beach,CA,CA-606
6037,Los Angeles,CA,CA-600
6039,Madera,CA,CA-514
6041,Marin,CA,CA-507
6043,Mariposa,CA,CA-526
6045,Mendocino,CA,CA-509
6047,Merced,CA,CA-520
6049,Modoc,CA,CA-516
6051,Mono,CA,CA-615
6053,Monterey,CA,CA-506
6055,Napa,CA,CA-517
6057,Nevada,CA,CA-515
6059,Orange,CA,CA-602
56000,Pasadena,CA,CA-607
6061,Placer,CA,CA-515
6063,Plumas,CA,CA-516
6065,Riverside,CA,CA-608
6067,Sacramento,CA,CA-503
6069,San Benito,CA,CA-506
6071,San Bernardino,CA,CA-609
6073,San Diego,CA,CA-601
6075,San Francisco,CA,CA-501
6077,San Joaquin,CA,CA-511
6079,San Luis Obispo,CA,CA-614
6081,San Mateo,CA,CA-512
6083,Santa Barbara,CA,CA-603
6085,Santa Clara,CA,CA-500
6087,Santa Cruz,CA,CA-508
6089,Shasta,CA,CA-516
6091,Sierra,CA,CA-516
6093,Siskiyou,CA,CA-516
6095,Solano,CA,CA-518
6097,Sonoma,CA,CA-504
6099,Stanislaus,CA,CA-510
6101,Sutter,CA,CA-524
6103,Tehama,CA,CA-527
6105,Trinity,CA,CA-523
6107,Tulare,CA,CA-513
6109,Tuolumne,CA,CA-526
6111,Ventura,CA,CA-611
6113,Yolo,CA,CA-521
6115,Yuba,CA,CA-524
8001,Adams,CO,CO-503
8003,Alamosa,CO,CO-500
8005,Arapahoe,CO,CO-503
8007,Archuleta,CO,CO-500
8009,Baca,CO,CO-500
8011,Bent,CO,CO-500
8013,Boulder,CO,CO-500
8014,Broomfield,CO,CO-503
8015,Chaffee,CO,CO-500
8017,Cheyenne,CO,CO-500
8019,Clear Creek,CO,CO-503
8021,Conejos,CO,CO-500
8023,Costilla,CO,CO-500
8025,Crowley,CO,CO-500
8027,Custer,CO,CO-500
8029,Delta,CO,CO-500
8031,Denver,CO,CO-503
8033,Dolores,CO,CO-500
8035,Douglas,CO,CO-503
8037,Eagle,CO,CO-503
8039,Elbert,CO,CO-500
8041,El Paso,CO,CO-504
8043,Fremont,CO,CO-500
8045,Garfield,CO,CO-500
8047,Gilpin,CO,CO-503
8049,Grand,CO,CO-500
8051,Gunnison,CO,CO-500
8053,Hinsdale,CO,CO-500
8055,Huerfano,CO,CO-500
8057,Jackson,CO,CO-500
8059,Jefferson,CO,CO-503
8061,Kiowa,CO,CO-500
8063,Kit Carson,CO,CO-500
8065,Lake,CO,CO-500
8067,La Plata,CO,CO-500
8069,Larimer,CO,CO-500
8071,Las Animas,CO,CO-500
8073,Lincoln,CO,CO-500
8075,Logan,CO,CO-500
8077,Mesa,CO,CO-500
8079,Mineral,CO,CO-500
8081,Moffat,CO,CO-500
8083,Montezuma,CO,CO-500
8085,Montrose,CO,CO-500
8087,Morgan,CO,CO-500
8089,Otero,CO,CO-500
8091,Ouray,CO,CO-500
8093,Park,CO,CO-503
8095,Phillips,CO,CO-500
8097,Pitkin,CO,CO-500
8099,Prowers,CO,CO-500
8101,Pueblo,CO,CO-500
8103,Rio Blanco,CO,CO-500
8105,Rio Grande,CO,CO-500
8107,Routt,CO,CO-500
8109,Saguache,CO,CO-500
8111,San Juan,CO,CO-500
8113,San Miguel,CO,CO-500
8115,Sedgwick,CO,CO-500
8117,Summit,CO,CO-500
8119,Teller,CO,CO-500
8121,Washington,CO,CO-500
8123,Weld,CO,CO-500
8125,Yuma,CO,CO-500
9001,Fairfield,CT,CT-503
9003,Hartford,CT,CT-505
9005,Litchfield,CT,CT-505
9007,Middlesex,CT,CT-505
9009,New Haven,CT,CT-505
9011,New London,CT,CT-505
9013,Tolland,CT,CT-505
9015,Windham,CT,CT-505
10001,Kent,DE,DE-500
10003,New Castle,DE,DE-500
10005,Sussex,DE,DE-500
11001,Washington,DC,DC-500
12001,Alachua,FL,FL-508
12003,Baker,FL,None
12005,Bay,FL,FL-515
12007,Bradford,FL,FL-508
12009,Brevard,FL,FL-513
12011,Broward,FL,FL-601
12013,Calhoun,FL,FL-515
12015,Charlotte,FL,FL-602
12017,Citrus,FL,FL-520
12019,Clay,FL,FL-510
12021,Collier,FL,FL-606
12023,Columbia,FL,FL-518
12025,Dade,FL,FL-600
12027,Desoto,FL,FL-517
12029,Dixie,FL,None
12031,Duval,FL,FL-510
12033,Escambia,FL,FL-511
12035,Flagler,FL,FL-504
12037,Franklin,FL,FL-506
12039,Gadsden,FL,FL-506
12041,Gilchrist,FL,FL-508
12043,Glades,FL,FL-517
12045,Gulf,FL,FL-515
12047,Hamilton,FL,FL-518
12049,Hardee,FL,FL-517
12051,Hendry,FL,FL-517
12053,Hernando,FL,FL-520
12055,Highlands,FL,FL-517
12057,Hillsborough,FL,FL-501
12059,Holmes,FL,FL-515
12061,Indian River,FL,FL-509
12063,Jackson,FL,FL-515
12065,Jefferson,FL,FL-506
12067,Lafayette,FL,FL-518
12069,Lake,FL,FL-520
12071,Lee,FL,FL-603
12073,Leon,FL,FL-506
12075,Levy,FL,FL-508
12077,Liberty,FL,FL-506
12079,Madison,FL,FL-506
12081,Manatee,FL,FL-500
12083,Marion,FL,FL-514
12086,Miami-Dade,FL,FL-600
12085,Martin,FL,FL-509
12087,Monroe,FL,FL-604
12089,Nassau,FL,FL-510
12091,Okaloosa,FL,FL-505
12093,Okeechobee,FL,FL-517
12095,Orange,FL,FL-507
12097,Osceola,FL,FL-507
12099,Palm Beach,FL,FL-605
12101,Pasco,FL,FL-519
12103,Pinellas,FL,FL-502
12105,Polk,FL,FL-503
12107,Putnam,FL,FL-508
12109,St Johns,FL,FL-512
12111,St Lucie,FL,FL-509
12113,Santa Rosa,FL,FL-511
12115,Sarasota,FL,FL-500
12117,Seminole,FL,FL-507
12119,Sumter,FL,FL-520
12121,Suwannee,FL,FL-518
12123,Taylor,FL,FL-506
12125,Union,FL,None
12127,Volusia,FL,FL-504
12129,Wakulla,FL,FL-506
12131,Walton,FL,FL-505
12133,Washington,FL,FL-515
13001,Appling,GA,GA-501
13003,Atkinson,GA,GA-501
13005,Bacon,GA,GA-501
13007,Baker,GA,GA-501
13009,Baldwin,GA,GA-501
13011,Banks,GA,GA-501
13013,Barrow,GA,GA-500
13015,Bartow,GA,GA-500
13017,Ben Hill,GA,GA-501
13019,Berrien,GA,GA-501
13021,Bibb,GA,GA-501
13023,Bleckley,GA,GA-501
13025,Brantley,GA,GA-501
13027,Brooks,GA,GA-501
13029,Bryan,GA,GA-501
13031,Bulloch,GA,GA-501
13033,Burke,GA,GA-501
13035,Butts,GA,GA-500
13037,Calhoun,GA,GA-501
13039,Camden,GA,GA-501
13043,Candler,GA,GA-501
13045,Carroll,GA,GA-500
13047,Catoosa,GA,GA-501
13049,Charlton,GA,GA-501
13051,Chatham,GA,GA-507
13053,Chattahoochee,GA,GA-501
13055,Chattooga,GA,GA-501
13057,Cherokee,GA,GA-500
13059,Clarke,GA,GA-503
13061,Clay,GA,GA-501
13063,Clayton,GA,GA-500
13065,Clinch,GA,GA-501
13067,Cobb,GA,GA-506
13069,Coffee,GA,GA-501
13071,Colquitt,GA,GA-501
13073,Columbia,GA,GA-501
13075,Cook,GA,GA-501
13077,Coweta,GA,GA-500
13079,Crawford,GA,GA-501
13081,Crisp,GA,GA-501
13083,Dade,GA,GA-501
13085,Dawson,GA,GA-500
13087,Decatur,GA,GA-501
13089,De Kalb,GA,GA-508
13091,Dodge,GA,GA-501
13093,Dooly,GA,GA-501
13095,Dougherty,GA,GA-501
13097,Douglas,GA,GA-500
13099,Early,GA,GA-501
13101,Echols,GA,GA-501
13103,Effingham,GA,GA-501
13105,Elbert,GA,GA-501
13107,Emanuel,GA,GA-501
13109,Evans,GA,GA-501
13111,Fannin,GA,GA-501
13113,Fayette,GA,GA-500
13115,Floyd,GA,GA-501
13117,Forsyth,GA,GA-500
13119,Franklin,GA,GA-501
13121,Fulton,GA,GA-502
13123,Gilmer,GA,GA-501
13125,Glascock,GA,GA-501
13127,Glynn,GA,GA-501
13129,Gordon,GA,GA-501
13131,Grady,GA,GA-501
13133,Greene,GA,GA-501
13135,Gwinnett,GA,GA-500
13137,Habersham,GA,GA-501
13139,Hall,GA,GA-501
13141,Hancock,GA,GA-501
13143,Haralson,GA,GA-500
13145,Harris,GA,GA-501
13147,Hart,GA,GA-501
13149,Heard,GA,GA-500
13151,Henry,GA,GA-500
13153,Houston,GA,GA-501
13155,Irwin,GA,GA-501
13157,Jackson,GA,GA-501
13159,Jasper,GA,GA-500
13161,Jeff Davis,GA,GA-501
13163,Jefferson,GA,GA-501
13165,Jenkins,GA,GA-501
13167,Johnson,GA,GA-501
13169,Jones,GA,GA-501
13171,Lamar,GA,GA-500
13173,Lanier,GA,GA-501
13175,Laurens,GA,GA-501
13177,Lee,GA,GA-501
13179,Liberty,GA,GA-501
13181,Lincoln,GA,GA-501
13183,Long,GA,GA-501
13185,Lowndes,GA,GA-501
13187,Lumpkin,GA,GA-501
13189,McDuffie,GA,GA-501
13191,McIntosh,GA,GA-501
13193,Macon,GA,GA-501
13195,Madison,GA,GA-501
13197,Marion,GA,GA-501
13199,Meriwether,GA,GA-500
13201,Miller,GA,GA-501
13205,Mitchell,GA,GA-501
13207,Monroe,GA,GA-501
13209,Montgomery,GA,GA-501
13211,Morgan,GA,GA-500
13213,Murray,GA,GA-501
13215,Muscogee,GA,GA-505
13217,Newton,GA,GA-500
13219,Oconee,GA,GA-501
13221,Oglethorpe,GA,GA-501
13223,Paulding,GA,GA-500
13225,Peach,GA,GA-501
13227,Pickens,GA,GA-500
13229,Pierce,GA,GA-501
13231,Pike,GA,GA-500
13233,Polk,GA,GA-501
13235,Pulaski,GA,GA-501
13237,Putnam,GA,GA-501
13239,Quitman,GA,GA-501
13241,Rabun,GA,GA-501
13243,Randolph,GA,GA-501
13245,Richmond,GA,GA-504
13247,Rockdale,GA,GA-500
13249,Schley,GA,GA-501
13251,Screven,GA,GA-501
13253,Seminole,GA,GA-501
13255,Spalding,GA,GA-500
13257,Stephens,GA,GA-501
13259,Stewart,GA,GA-501
13261,Sumter,GA,GA-501
13263,Talbot,GA,GA-501
13265,Taliaferro,GA,GA-501
13267,Tattnall,GA,GA-501
13269,Taylor,GA,GA-501
13271,Telfair,GA,GA-501
13273,Terrell,GA,GA-501
13275,Thomas,GA,GA-501
13277,Tift,GA,GA-501
13279,Toombs,GA,GA-501
13281,Towns,GA,GA-501
13283,Treutlen,GA,GA-501
13285,Troup,GA,GA-501
13287,Turner,GA,GA-501
13289,Twiggs,GA,GA-501
13291,Union,GA,GA-501
13293,Upson,GA,GA-501
13295,Walker,GA,GA-501
13297,Walton,GA,GA-500
13299,Ware,GA,GA-501
13301,Warren,GA,GA-501
13303,Washington,GA,GA-501
13305,Wayne,GA,GA-501
13307,Webster,GA,GA-501
13309,Wheeler,GA,GA-501
13311,White,GA,GA-501
13313,Whitfield,GA,GA-501
13315,Wilcox,GA,GA-501
13317,Wilkes,GA,GA-501
13319,Wilkinson,GA,GA-501
13321,Worth,GA,GA-501
15001,Hawaii,HI,HI-500
15003,Honolulu,HI,HI-501
15005,Kalawao,HI,HI-500
15007,Kauai,HI,HI-500
15009,Maui,HI,HI-500
16001,Ada,ID,ID-500
16003,Adams,ID,ID-501
16005,Bannock,ID,ID-501
16007,Bear Lake,ID,ID-501
16009,Benewah,ID,ID-501
16011,Bingham,ID,ID-501
16013,Blaine,ID,ID-501
16015,Boise,ID,ID-501
16017,Bonner,ID,ID-501
16019,Bonneville,ID,ID-501
16021,Boundary,ID,ID-501
16023,Butte,ID,ID-501
16025,Camas,ID,ID-501
16027,Canyon,ID,ID-501
16029,Caribou,ID,ID-501
16031,Cassia,ID,ID-501
16033,Clark,ID,ID-501
16035,Clearwater,ID,ID-501
16037,Custer,ID,ID-501
16039,Elmore,ID,ID-501
16041,Franklin,ID,ID-501
16043,Fremont,ID,ID-501
16045,Gem,ID,ID-501
16047,Gooding,ID,ID-501
16049,Idaho,ID,ID-501
16051,Jefferson,ID,ID-501
16053,Jerome,ID,ID-501
16055,Kootenai,ID,ID-501
16057,Latah,ID,ID-501
16059,Lemhi,ID,ID-501
16061,Lewis,ID,ID-501
16063,Lincoln,ID,ID-501
16065,Madison,ID,ID-501
16067,Minidoka,ID,ID-501
16069,Nez Perce,ID,ID-501
16071,Oneida,ID,ID-501
16073,Owyhee,ID,ID-501
16075,Payette,ID,ID-501
16077,Power,ID,ID-501
16079,Shoshone,ID,ID-501
16081,Teton,ID,ID-501
16083,Twin Falls,ID,ID-501
16085,Valley,ID,ID-501
16087,Washington,ID,ID-501
17001,Adams,IL,IL-519
17003,Alexander,IL,IL-510
17005,Bond,IL,IL-510
17007,Boone,IL,IL-501
17009,Brown,IL,IL-519
17011,Bureau,IL,IL-518
17013,Calhoun,IL,IL-515
17015,Carroll,IL,IL-518
17017,Cass,IL,IL-519
17019,Champaign,IL,IL-503
17021,Christian,IL,IL-515
17023,Clark,IL,IL-515
17025,Clay,IL,IL-515
17027,Clinton,IL,IL-520
17029,Coles,IL,IL-515
17031,Cook,IL,IL-511
17033,Crawford,IL,IL-515
17035,Cumberland,IL,IL-515
17037,De Kalb,IL,IL-509
17039,De Witt,IL,IL-512
17041,Douglas,IL,IL-515
17043,Du Page,IL,IL-514
17045,Edgar,IL,IL-515
17047,Edwards,IL,IL-510
17049,Effingham,IL,IL-515
17051,Fayette,IL,IL-515
17053,Ford,IL,IL-512
17055,Franklin,IL,IL-510
17057,Fulton,IL,IL-507
17059,Gallatin,IL,IL-510
17061,Greene,IL,IL-515
17063,Grundy,IL,IL-512
17065,Hamilton,IL,IL-510
17067,Hancock,IL,IL-519
17069,Hardin,IL,IL-510
17071,Henderson,IL,IL-519
17073,Henry,IL,IL-518
17075,Iroquois,IL,IL-512
17077,Jackson,IL,IL-510
17079,Jasper,IL,IL-515
17081,Jefferson,IL,IL-510
17083,Jersey,IL,IL-515
17087,Johnson,IL,IL-510
17085,Jo daviess,IL,IL-518
17089,Kane,IL,IL-517
17091,Kankakee,IL,IL-512
17093,Kendall,IL,IL-512
17095,Knox,IL,IL-518
17097,Lake,IL,IL-502
17099,Lasalle,IL,IL-518
17101,Lawrence,IL,IL-510
17103,Lee,IL,IL-518
17105,Livingston,IL,IL-512
17107,Logan,IL,IL-512
17109,McDonough,IL,IL-519
17111,McHenry,IL,IL-500
17113,McLean,IL,IL-512
17115,Macon,IL,IL-516
17117,Macoupin,IL,IL-515
17119,Madison,IL,IL-504
17121,Marion,IL,IL-510
17123,Marshall,IL,IL-518
17125,Mason,IL,IL-512
17127,Massac,IL,IL-510
17129,Menard,IL,IL-512
17131,Mercer,IL,IL-518
17133,Monroe,IL,IL-510
17135,Montgomery,IL,IL-515
17137,Morgan,IL,IL-519
17139,Moultrie,IL,IL-515
17141,Ogle,IL,IL-518
17143,Peoria,IL,IL-507
17145,Perry,IL,IL-510
17147,Piatt,IL,IL-512
17149,Pike,IL,IL-519
17151,Pope,IL,IL-510
17153,Pulaski,IL,IL-510
17155,Putnam,IL,IL-518
17157,Randolph,IL,IL-510
17159,Richland,IL,IL-510
17161,Rock Island,IL,IL-518
17163,St Clair,IL,IL-508
17165,Saline,IL,IL-510
17167,Sangamon,IL,IL-513
17169,Schuyler,IL,IL-519
17171,Scott,IL,IL-519
17173,Shelby,IL,IL-515
17175,Stark,IL,IL-518
17177,Stephenson,IL,IL-518
17179,Tazewell,IL,IL-507
17181,Union,IL,IL-510
17183,Vermilion,IL,IL-512
17185,Wabash,IL,IL-510
17187,Warren,IL,IL-519
17189,Washington,IL,IL-510
17191,Wayne,IL,IL-510
17193,White,IL,IL-510
17195,Whiteside,IL,IL-518
17197,Will,IL,IL-506
17199,Williamson,IL,IL-510
17201,Winnebago,IL,IL-501
17203,Woodford,IL,IL-507
18001,Adams,IN,IN-502
18003,Allen,IN,IN-502
18005,Bartholomew,IN,IN-502
18007,Benton,IN,IN-502
18009,Blackford,IN,IN-502
18011,Boone,IN,IN-502
18013,Brown,IN,IN-502
18015,Carroll,IN,IN-502
18017,Cass,IN,IN-502
18019,Clark,IN,IN-502
18021,Clay,IN,IN-502
18023,Clinton,IN,IN-502
18025,Crawford,IN,IN-502
18027,Daviess,IN,IN-502
18029,Dearborn,IN,IN-502
18031,Decatur,IN,IN-502
18033,De Kalb,IN,IN-502
18035,Delaware,IN,IN-502
18037,Dubois,IN,IN-502
18039,Elkhart,IN,IN-502
18041,Fayette,IN,IN-502
18043,Floyd,IN,IN-502
18045,Fountain,IN,IN-502
18047,Franklin,IN,IN-502
18049,Fulton,IN,IN-502
18051,Gibson,IN,IN-502
18053,Grant,IN,IN-502
18055,Greene,IN,IN-502
18057,Hamilton,IN,IN-502
18059,Hancock,IN,IN-502
18061,Harrison,IN,IN-502
18063,Hendricks,IN,IN-502
18065,Henry,IN,IN-502
18067,Howard,IN,IN-502
18069,Huntington,IN,IN-502
18071,Jackson,IN,IN-502
18073,Jasper,IN,IN-502
18075,Jay,IN,IN-502
18077,Jefferson,IN,IN-502
18079,Jennings,IN,IN-502
18081,Johnson,IN,IN-502
18083,Knox,IN,IN-502
18085,Kosciusko,IN,IN-502
18087,La Grange,IN,IN-502
18089,Lake,IN,IN-502
18091,La Porte,IN,IN-502
18093,Lawrence,IN,IN-502
18095,Madison,IN,IN-502
18097,Marion,IN,IN-503
18099,Marshall,IN,IN-502
18101,Martin,IN,IN-502
18103,Miami,IN,IN-502
18105,Monroe,IN,IN-502
18107,Montgomery,IN,IN-502
18109,Morgan,IN,IN-502
18111,Newton,IN,IN-502
18113,Noble,IN,IN-502
18115,Ohio,IN,IN-502
18117,Orange,IN,IN-502
18119,Owen,IN,IN-502
18121,Parke,IN,IN-502
18123,Perry,IN,IN-502
18125,Pike,IN,IN-502
18127,Porter,IN,IN-502
18129,Posey,IN,IN-502
18131,Pulaski,IN,IN-502
18133,Putnam,IN,IN-502
18135,Randolph,IN,IN-502
18137,Ripley,IN,IN-502
18139,Rush,IN,IN-502
18141,St Joseph,IN,IN-500
18143,Scott,IN,IN-502
18145,Shelby,IN,IN-502
18147,Spencer,IN,IN-502
18149,Starke,IN,IN-502
18151,Steuben,IN,IN-502
18153,Sullivan,IN,IN-502
18155,Switzerland,IN,IN-502
18157,Tippecanoe,IN,IN-502
18159,Tipton,IN,IN-502
18161,Union,IN,IN-502
18163,Vanderburgh,IN,IN-502
18165,Vermillion,IN,IN-502
18167,Vigo,IN,IN-502
18169,Wabash,IN,IN-502
18171,Warren,IN,IN-502
18173,Warrick,IN,IN-502
18175,Washington,IN,IN-502
18177,Wayne,IN,IN-502
18179,Wells,IN,IN-502
18181,White,IN,IN-502
18183,Whitley,IN,IN-502
19001,Adair,IA,IA-501
19003,Adams,IA,IA-501
19005,Allamakee,IA,IA-501
19007,Appanoose,IA,IA-501
19009,Audubon,IA,IA-501
19011,Benton,IA,IA-501
19013,Black Hawk,IA,IA-501
19015,Boone,IA,IA-501
19017,Bremer,IA,IA-501
19019,Buchanan,IA,IA-501
19021,Buena Vista,IA,IA-501
19023,Butler,IA,IA-501
19025,Calhoun,IA,IA-501
19027,Carroll,IA,IA-501
19029,Cass,IA,IA-501
19031,Cedar,IA,IA-501
19033,Cerro Gordo,IA,IA-501
19035,Cherokee,IA,IA-501
19037,Chickasaw,IA,IA-501
19039,Clarke,IA,IA-501
19041,Clay,IA,IA-501
19043,Clayton,IA,IA-501
19045,Clinton,IA,IA-501
19047,Crawford,IA,IA-501
19049,Dallas,IA,IA-501
19051,Davis,IA,IA-501
19053,Decatur,IA,IA-501
19055,Delaware,IA,IA-501
19057,Des Moines,IA,IA-501
19059,Dickinson,IA,IA-501
19061,Dubuque,IA,IA-501
19063,Emmet,IA,IA-501
19065,Fayette,IA,IA-501
19067,Floyd,IA,IA-501
19069,Franklin,IA,IA-501
19071,Fremont,IA,IA-501
19073,Greene,IA,IA-501
19075,Grundy,IA,IA-501
19077,Guthrie,IA,IA-501
19079,Hamilton,IA,IA-501
19081,Hancock,IA,IA-501
19083,Hardin,IA,IA-501
19085,Harrison,IA,IA-501
19087,Henry,IA,IA-501
19089,Howard,IA,IA-501
19091,Humboldt,IA,IA-501
19093,Ida,IA,IA-501
19095,Iowa,IA,IA-501
19097,Jackson,IA,IA-501
19099,Jasper,IA,IA-501
19101,Jefferson,IA,IA-501
19103,Johnson,IA,IA-501
19105,Jones,IA,IA-501
19107,Keokuk,IA,IA-501
19109,Kossuth,IA,IA-501
19111,Lee,IA,IA-501
19113,Linn,IA,IA-501
19115,Louisa,IA,IA-501
19117,Lucas,IA,IA-501
19119,Lyon,IA,IA-501
19121,Madison,IA,IA-501
19123,Mahaska,IA,IA-501
19125,Marion,IA,IA-501
19127,Marshall,IA,IA-501
19129,Mills,IA,IA-501
19131,Mitchell,IA,IA-501
19133,Monona,IA,IA-501
19135,Monroe,IA,IA-501
19137,Montgomery,IA,IA-501
19139,Muscatine,IA,IA-501
19141,O Brien,IA,IA-501
19143,Osceola,IA,IA-501
19145,Page,IA,IA-501
19147,Palo Alto,IA,IA-501
19149,Plymouth,IA,IA-501
19151,Pocahontas,IA,IA-501
19153,Polk,IA,IA-502
19155,Pottawattamie,IA,IA-501
19157,Poweshiek,IA,IA-501
19159,Ringgold,IA,IA-501
19161,Sac,IA,IA-501
19163,Scott,IA,IA-501
19165,Shelby,IA,IA-501
19167,Sioux,IA,IA-500
19169,Story,IA,IA-501
19171,Tama,IA,IA-501
19173,Taylor,IA,IA-501
19175,Union,IA,IA-501
19177,Van Buren,IA,IA-501
19179,Wapello,IA,IA-501
19181,Warren,IA,IA-501
19183,Washington,IA,IA-501
19185,Wayne,IA,IA-501
19187,Webster,IA,IA-501
19189,Winnebago,IA,IA-501
19191,Winneshiek,IA,IA-501
19193,Woodbury,IA,IA-500
19195,Worth,IA,IA-501
19197,Wright,IA,IA-501
20001,Allen,KS,KS-507
20003,Anderson,KS,KS-507
20005,Atchison,KS,KS-507
20007,Barber,KS,KS-507
20009,Barton,KS,KS-507
20011,Bourbon,KS,KS-507
20013,Brown,KS,KS-507
20015,Butler,KS,KS-507
20017,Chase,KS,KS-507
20019,Chautauqua,KS,KS-507
20021,Cherokee,KS,KS-507
20023,Cheyenne,KS,KS-507
20025,Clark,KS,KS-507
20027,Clay,KS,KS-507
20029,Cloud,KS,KS-507
20031,Coffey,KS,KS-507
20033,Comanche,KS,KS-507
20035,Cowley,KS,KS-507
20037,Crawford,KS,KS-507
20039,Decatur,KS,KS-507
20041,Dickinson,KS,KS-507
20043,Doniphan,KS,KS-507
20045,Douglas,KS,KS-507
20047,Edwards,KS,KS-507
20049,Elk,KS,KS-507
20051,Ellis,KS,KS-507
20053,Ellsworth,KS,KS-507
20055,Finney,KS,KS-507
20057,Ford,KS,KS-507
20059,Franklin,KS,KS-507
20061,Geary,KS,KS-507
20063,Gove,KS,KS-507
20065,Graham,KS,KS-507
20067,Grant,KS,KS-507
20069,Gray,KS,KS-507
20071,Greeley,KS,KS-507
20073,Greenwood,KS,KS-507
20075,Hamilton,KS,KS-507
20077,Harper,KS,KS-507
20079,Harvey,KS,KS-507
20081,Haskell,KS,KS-507
20083,Hodgeman,KS,KS-507
20085,Jackson,KS,KS-507
20087,Jefferson,KS,KS-507
20089,Jewell,KS,KS-507
20091,Johnson,KS,KS-505
20093,Kearny,KS,KS-507
20095,Kingman,KS,KS-507
20097,Kiowa,KS,KS-507
20099,Labette,KS,KS-507
20101,Lane,KS,KS-507
20103,Leavenworth,KS,KS-507
20105,Lincoln,KS,KS-507
20107,Linn,KS,KS-507
20109,Logan,KS,KS-507
20111,Lyon,KS,KS-507
20113,McPherson,KS,KS-507
20115,Marion,KS,KS-507
20117,Marshall,KS,KS-507
20119,Meade,KS,KS-507
20121,Miami,KS,KS-507
20123,Mitchell,KS,KS-507
20125,Montgomery,KS,KS-507
20127,Morris,KS,KS-507
20129,Morton,KS,KS-507
20131,Nemaha,KS,KS-507
20133,Neosho,KS,KS-507
20135,Ness,KS,KS-507
20137,Norton,KS,KS-507
20139,Osage,KS,KS-507
20141,Osborne,KS,KS-507
20143,Ottawa,KS,KS-507
20145,Pawnee,KS,KS-507
20147,Phillips,KS,KS-507
20149,Pottawatomie,KS,KS-507
20151,Pratt,KS,KS-507
20153,Rawlins,KS,KS-507
20155,Reno,KS,KS-507
20157,Republic,KS,KS-507
20159,Rice,KS,KS-507
20161,Riley,KS,KS-507
20163,Rooks,KS,KS-507
20165,Rush,KS,KS-507
20167,Russell,KS,KS-507
20169,Saline,KS,KS-507
20171,Scott,KS,KS-507
20173,Sedgwick,KS,KS-502
20175,Seward,KS,KS-507
20177,Shawnee,KS,KS-503
20179,Sheridan,KS,KS-507
20181,Sherman,KS,KS-507
20183,Smith,KS,KS-507
20185,Stafford,KS,KS-507
20187,Stanton,KS,KS-507
20189,Stevens,KS,KS-507
20191,Sumner,KS,KS-507
20193,Thomas,KS,KS-507
20195,Trego,KS,KS-507
20197,Wabaunsee,KS,KS-507
20199,Wallace,KS,KS-507
20201,Washington,KS,KS-507
20203,Wichita,KS,KS-507
20205,Wilson,KS,KS-507
20207,Woodson,KS,KS-507
20209,Wyandotte,KS,KS-501
21001,Adair,KY,KY-500
21003,Allen,KY,KY-500
21005,Anderson,KY,KY-500
21007,Ballard,KY,KY-500
21009,Barren,KY,KY-500
21011,Bath,KY,KY-500
21013,Bell,KY,KY-500
21015,Boone,KY,KY-500
21017,Bourbon,KY,KY-500
21019,Boyd,KY,KY-500
21021,Boyle,KY,KY-500
21023,Bracken,KY,KY-500
21025,Breathitt,KY,KY-500
21027,Breckinridge,KY,KY-500
21029,Bullitt,KY,KY-500
21031,Butler,KY,KY-500
21033,Caldwell,KY,KY-500
21035,Calloway,KY,KY-500
21037,Campbell,KY,KY-500
21039,Carlisle,KY,KY-500
21041,Carroll,KY,KY-500
21043,Carter,KY,KY-500
21045,Casey,KY,KY-500
21047,Christian,KY,KY-500
21049,Clark,KY,KY-500
21051,Clay,KY,KY-500
21053,Clinton,KY,KY-500
21055,Crittenden,KY,KY-500
21057,Cumberland,KY,KY-500
21059,Daviess,KY,KY-500
21061,Edmonson,KY,KY-500
21063,Elliott,KY,KY-500
21065,Estill,KY,KY-500
21067,Fayette,KY,KY-502
21069,Fleming,KY,KY-500
21071,Floyd,KY,KY-500
21073,Franklin,KY,KY-500
21075,Fulton,KY,KY-500
21077,Gallatin,KY,KY-500
21079,Garrard,KY,KY-500
21081,Grant,KY,KY-500
21083,Graves,KY,KY-500
21085,Grayson,KY,KY-500
21087,Green,KY,KY-500
21089,Greenup,KY,KY-500
21091,Hancock,KY,KY-500
21093,Hardin,KY,KY-500
21095,Harlan,KY,KY-500
21097,Harrison,KY,KY-500
21099,Hart,KY,KY-500
21101,Henderson,KY,KY-500
21103,Henry,KY,KY-500
21105,Hickman,KY,KY-500
21107,Hopkins,KY,KY-500
21109,Jackson,KY,KY-500
21111,Jefferson,KY,KY-501
21113,Jessamine,KY,KY-500
21115,Johnson,KY,KY-500
21117,Kenton,KY,KY-500
21119,Knott,KY,KY-500
21121,Knox,KY,KY-500
21123,Larue,KY,KY-500
21125,Laurel,KY,KY-500
21127,Lawrence,KY,KY-500
21129,Lee,KY,KY-500
21131,Leslie,KY,KY-500
21133,Letcher,KY,KY-500
21135,Lewis,KY,KY-500
21137,Lincoln,KY,KY-500
21139,Livingston,KY,KY-500
21141,Logan,KY,KY-500
21143,Lyon,KY,KY-500
21145,McCracken,KY,KY-500
21147,McCreary,KY,KY-500
21149,McLean,KY,KY-500
21151,Madison,KY,KY-500
21153,Magoffin,KY,KY-500
21155,Marion,KY,KY-500
21157,Marshall,KY,KY-500
21159,Martin,KY,KY-500
21161,Mason,KY,KY-500
21163,Meade,KY,KY-500
21165,Menifee,KY,KY-500
21167,Mercer,KY,KY-500
21169,Metcalfe,KY,KY-500
21171,Monroe,KY,KY-500
21173,Montgomery,KY,KY-500
21175,Morgan,KY,KY-500
21177,Muhlenberg,KY,KY-500
21179,Nelson,KY,KY-500
21181,Nicholas,KY,KY-500
21183,Ohio,KY,KY-500
21185,Oldham,KY,KY-500
21187,Owen,KY,KY-500
21189,Owsley,KY,KY-500
21191,Pendleton,KY,KY-500
21193,Perry,KY,KY-500
21195,Pike,KY,KY-500
21197,Powell,KY,KY-500
21199,Pulaski,KY,KY-500
21201,Robertson,KY,KY-500
21203,Rockcastle,KY,KY-500
21205,Rowan,KY,KY-500
21207,Russell,KY,KY-500
21209,Scott,KY,KY-500
21211,Shelby,KY,KY-500
21213,Simpson,KY,KY-500
21215,Spencer,KY,KY-500
21217,Taylor,KY,KY-500
21219,Todd,KY,KY-500
21221,Trigg,KY,KY-500
21223,Trimble,KY,KY-500
21225,Union,KY,KY-500
21227,Warren,KY,KY-500
21229,Washington,KY,KY-500
21231,Wayne,KY,KY-500
21233,Webster,KY,KY-500
21235,Whitley,KY,KY-500
21237,Wolfe,KY,KY-500
21239,Woodford,KY,KY-500
22001,Acadia,LA,LA-500
22003,Allen,LA,LA-501
22005,Ascension,LA,LA-504
22007,Assumption,LA,LA-508
22009,Avoyelles,LA,LA-507
22011,Beauregard,LA,LA-501
22013,Bienville,LA,LA-502
22015,Bossier,LA,LA-502
22017,Caddo,LA,LA-502
22019,Calcasieu,LA,LA-501
22021,Caldwell,LA,LA-505
22023,Cameron,LA,LA-501
22025,Catahoula,LA,LA-507
22027,Claiborne,LA,LA-502
22029,Concordia,LA,LA-507
22031,De Soto,LA,LA-502
22033,East Baton Rouge,LA,LA-504
22035,East Carroll,LA,LA-505
22037,East Feliciana,LA,LA-504
22039,Evangeline,LA,LA-500
22041,Franklin,LA,LA-505
22043,Grant,LA,LA-507
22045,Iberia,LA,LA-500
22047,Iberville,LA,LA-504
22049,Jackson,LA,LA-505
22051,Jefferson,LA,LA-503
22053,Jefferson Davis,LA,LA-501
22055,Lafayette,LA,LA-500
22057,Lafourche,LA,LA-508
22059,La Salle,LA,LA-507
22061,Lincoln,LA,LA-505
22063,Livingston,LA,LA-502
22065,Madison,LA,LA-505
22067,Morehouse,LA,LA-505
22069,Natchitoches,LA,LA-502
22071,Orleans,LA,LA-502
22073,Ouachita,LA,LA-505
22075,Plaquemines,LA,LA-503
22077,Pointe Coupee,LA,LA-504
22079,Rapides,LA,LA-507
22081,Red River,LA,LA-502
22083,Richland,LA,LA-505
22085,Sabine,LA,LA-502
22087,St Bernard,LA,LA-503
22089,St Charles,LA,LA-508
22091,St Helena,LA,LA-503
22093,St James,LA,LA-508
22095,St John the Baptist,LA,LA-508
22097,St Landry,LA,LA-500
22099,St Martin,LA,LA-500
22101,St Mary,LA,LA-508
22103,St Tammany,LA,LA-503
22105,Tangipahoa,LA,LA-503
22107,Tensas,LA,LA-505
22109,Terrebonne,LA,LA-508
22111,Union,LA,LA-505
22113,Vermilion,LA,LA-500
22115,Vernon,LA,LA-507
22117,Washington,LA,LA-503
22119,Webster,LA,LA-502
22121,West Baton Rouge,LA,LA-504
22123,West Carroll,LA,LA-505
22125,West Feliciana,LA,LA-504
22127,Winn,LA,LA-507
23001,Androscoggin,ME,ME-500
23003,Aroostook,ME,ME-500
23005,Cumberland,ME,ME-502
23007,Franklin,ME,ME-500
23009,Hancock,ME,ME-500
23011,Kennebec,ME,ME-500
23013,Knox,ME,ME-500
23015,Lincoln,ME,ME-500
23017,Oxford,ME,ME-500
23019,Penobscot,ME,ME-500
23021,Piscataquis,ME,ME-500
23023,Sagadahoc,ME,ME-500
23025,Somerset,ME,ME-500
23027,Waldo,ME,ME-500
23029,Washington,ME,ME-500
23031,York,ME,ME-500
24001,Allegany,MD,MD-500
24003,Anne Arundel,MD,MD-503
24005,Baltimore,MD,MD-505
24009,Calvert,MD,MD-508
24011,Caroline,MD,MD-511
24013,Carroll,MD,MD-506
24015,Cecil,MD,MD-507
24017,Charles,MD,MD-508
24019,Dorchester,MD,MD-511
24021,Frederick,MD,MD-509
24023,Garrett,MD,MD-510
24025,Harford,MD,MD-502
24027,Howard,MD,MD-504
24029,Kent,MD,MD-511
24031,Montgomery,MD,MD-601
24033,Prince Georges,MD,MD-600
24035,Queen Annes,MD,MD-511
24037,St Marys,MD,MD-508
24039,Somerset,MD,MD-513
24041,Talbot,MD,MD-511
24043,Washington,MD,MD-512
24045,Wicomico,MD,MD-513
24047,Worcester,MD,MD-513
24510,Baltimore City,MD,MD-501
25001,Barnstable,MA,MA-503
25003,Berkshire,MA,MA-507
25005,Bristol,MA,MA-519
25007,Dukes,MA,MA-516
25009,Essex,MA,MA-510
25011,Franklin,MA,MA-507
25013,Hampden,MA,MA-504
25015,Hampshire,MA,MA-507
25017,Middlesex,MA,MA-508
25019,Nantucket,MA,MA-516
25021,Norfolk,MA,MA-516
25023,Plymouth,MA,MA-511
25025,Suffolk,MA,MA-500
25027,Worcester,MA,MA-506
26001,Alcona,MI,MI-500
26003,Alger,MI,MI-513
26005,Allegan,MI,MI-500
26007,Alpena,MI,MI-500
26009,Antrim,MI,MI-512
26011,Arenac,MI,MI-500
26013,Baraga,MI,MI-500
26015,Barry,MI,MI-500
26017,Bay,MI,MI-500
26019,Benzie,MI,MI-500
26021,Berrien,MI,MI-500
26023,Branch,MI,MI-500
26025,Calhoun,MI,MI-514
26027,Cass,MI,MI-500
26029,Charlevoix,MI,MI-500
26031,Cheboygan,MI,MI-500
26033,Chippewa,MI,MI-500
26035,Clare,MI,MI-500
26037,Clinton,MI,MI-500
26039,Crawford,MI,MI-500
26041,Delta,MI,MI-500
26043,Dickinson,MI,MI-500
26045,Eaton,MI,MI-523
26047,Emmet,MI,MI-500
26049,Genesee,MI,MI-505
26051,Gladwin,MI,MI-500
26053,Gogebic,MI,MI-500
26055,Grand Traverse,MI,MI-512
26057,Gratiot,MI,MI-500
26059,Hillsdale,MI,MI-500
26061,Houghton,MI,MI-500
26063,Huron,MI,MI-500
26065,Ingham,MI,MI-508
26067,Ionia,MI,MI-500
26069,Iosco,MI,MI-500
26071,Iron,MI,MI-500
26073,Isabella,MI,MI-500
26075,Jackson,MI,MI-517
26077,Kalamazoo,MI,MI-507
26079,Kalkaska,MI,MI-500
26081,Kent,MI,MI-506
26083,Keweenaw,MI,MI-500
26085,Lake,MI,MI-500
26087,Lapeer,MI,MI-500
26089,Leelanau,MI,MI-512
26091,Lenawee,MI,MI-511
26093,Livingston,MI,MI-518
26095,Luce,MI,MI-500
26097,Mackinac,MI,MI-500
26099,Macomb,MI,MI-503
26101,Manistee,MI,MI-500
26103,Marquette,MI,MI-513
26105,Mason,MI,MI-500
26107,Mecosta,MI,MI-500
26109,Menominee,MI,MI-500
26111,Midland,MI,MI-500
26113,Missaukee,MI,MI-500
26115,Monroe,MI,MI-515
26117,Montcalm,MI,MI-500
26119,Montmorency,MI,MI-500
26121,Muskegon,MI,MI-516
26123,Newaygo,MI,MI-500
26125,Oakland,MI,MI-504
26127,Oceana,MI,MI-500
26129,Ogemaw,MI,MI-500
26131,Ontonagon,MI,MI-500
26133,Osceola,MI,MI-500
26135,Oscoda,MI,MI-500
26137,Otsego,MI,MI-500
26139,Ottawa,MI,MI-519
26141,Presque Isle,MI,MI-500
26143,Roscommon,MI,MI-500
26145,Saginaw,MI,MI-510
26147,St Clair,MI,MI-500
26149,St Joseph,MI,MI-500
26151,Sanilac,MI,MI-500
26153,Schoolcraft,MI,MI-500
26155,Shiawassee,MI,MI-500
26157,Tuscola,MI,MI-500
26159,Van Buren,MI,MI-500
26161,Washtenaw,MI,MI-509
26163,Wayne,MI,MI-502
26165,Wexford,MI,MI-500
27001,Aitkin,MN,MN-504
27003,Anoka,MN,MN-503
27005,Becker,MN,MN-508
27007,Beltrami,MN,MN-506
27009,Benton,MN,MN-505
27011,Big Stone,MN,MN-511
27013,Blue Earth,MN,MN-502
27015,Brown,MN,MN-502
27017,Carlton,MN,MN-504
27019,Carver,MN,MN-503
27021,Cass,MN,MN-505
27023,Chippewa,MN,MN-511
27025,Chisago,MN,MN-505
27027,Clay,MN,MN-508
27029,Clearwater,MN,MN-506
27031,Cook,MN,MN-504
27033,Cottonwood,MN,MN-511
27035,Crow Wing,MN,MN-505
27037,Dakota,MN,MN-503
27039,Dodge,MN,MN-502
27041,Douglas,MN,MN-508
27043,Faribault,MN,MN-502
27045,Fillmore,MN,MN-502
27047,Freeborn,MN,MN-502
27049,Goodhue,MN,MN-502
27051,Grant,MN,MN-508
27053,Hennepin,MN,MN-500
27055,Houston,MN,MN-502
27057,Hubbard,MN,MN-506
27059,Isanti,MN,MN-505
27061,Itasca,MN,MN-504
27063,Jackson,MN,MN-511
27065,Kanabec,MN,MN-505
27067,Kandiyohi,MN,MN-511
27069,Kittson,MN,MN-506
27071,Koochiching,MN,MN-504
27073,Lac qui Parle,MN,MN-511
27075,Lake,MN,MN-504
27077,Lake of the Woods,MN,MN-506
27079,Le Sueur,MN,MN-502
27081,Lincoln,MN,MN-511
27083,Lyon,MN,MN-511
27085,McLeod,MN,MN-511
27087,Mahnomen,MN,MN-506
27089,Marshall,MN,MN-506
27091,Martin,MN,MN-502
27093,Meeker,MN,MN-511
27095,Mille Lacs,MN,MN-505
27097,Morrison,MN,MN-505
27099,Mower,MN,MN-502 
27101,Murray,MN,MN-511
27103,Nicollet,MN,MN-502
27105,Nobles,MN,MN-511
27107,Norman,MN,MN-506
27109,Olmsted,MN,MN-502
27111,Otter Tail,MN,MN-508
27113,Pennington,MN,MN-506
27115,Pine,MN,MN-505
27117,Pipestone,MN,MN-511
27119,Polk,MN,MN-506
27121,Pope,MN,MN-508
27123,Ramsey,MN,MN-501
27125,Red Lake,MN,MN-506
27127,Redwood,MN,MN-511
27129,Renville,MN,MN-511
27131,Rice,MN,MN-502
27133,Rock,MN,MN-511
27135,Roseau,MN,MN-506
27137,St Louis,MN,MN-509
27139,Scott,MN,MN-503
27141,Sherburne,MN,MN-505
27143,Sibley,MN,MN-502
27145,Stearns,MN,MN-505
27147,Steele,MN,MN-502
27149,Stevens,MN,MN-508
27151,Swift,MN,MN-511
27153,Todd,MN,MN-5-5
27155,Traverse,MN,MN-508
27157,Wabasha,MN,MN-502
27159,Wadena,MN,MN-505
27161,Waseca,MN,MN-502
27163,Washington,MN,MN-503
27165,Watonwan,MN,MN-502
27167,Wilkin,MN,MN-508
27169,Winona,MN,MN-502
27171,Wright,MN,MN-505
27173,Yellow Medicine,MN,MN-511
28001,Adams,MS,MS-501
28003,Alcorn,MS,MS-501
28005,Amite,MS,MS-501
28007,Attala,MS,MS-501
28009,Benton,MS,MS-501
28011,Bolivar,MS,MS-501
28013,Calhoun,MS,MS-501
28015,Carroll,MS,MS-501
28017,Chickasaw,MS,MS-501
28019,Choctaw,MS,MS-501
28021,Claiborne,MS,MS-501
28023,Clarke,MS,MS-501
28025,Clay,MS,MS-501
28027,Coahoma,MS,MS-501
28029,Copiah,MS,MS-501
28031,Covington,MS,MS-501
28033,De Soto,MS,MS-501
28035,Forrest,MS,MS-501
28037,Franklin,MS,MS-501
28039,George,MS,MS-503
28041,Greene,MS,MS-501
28043,Grenada,MS,MS-501
28045,Hancock,MS,MS-503
28047,Harrison,MS,MS-503
28049,Hinds,MS,MS-501
28051,Holmes,MS,MS-501
28053,Humphreys,MS,MS-501
28055,Issaquena,MS,MS-501
28057,Itawamba,MS,MS-501
28059,Jackson,MS,MS-503
28061,Jasper,MS,MS-501
28063,Jefferson,MS,MS-501
28065,Jefferson Davis,MS,MS-501
28067,Jones,MS,MS-501
28069,Kemper,MS,MS-501
28071,Lafayette,MS,MS-501
28073,Lamar,MS,MS-501
28075,Lauderdale,MS,MS-501
28077,Lawrence,MS,MS-501
28079,Leake,MS,MS-501
28081,Lee,MS,MS-501
28083,Leflore,MS,MS-501
28085,Lincoln,MS,MS-501
28087,Lowndes,MS,MS-501
28089,Madison,MS,MS-500
28091,Marion,MS,MS-501
28093,Marshall,MS,MS-501
28095,Monroe,MS,MS-501
28097,Montgomery,MS,MS-501
28099,Neshoba,MS,MS-501
28101,Newton,MS,MS-501
28103,Noxubee,MS,MS-501
28105,Oktibbeha,MS,MS-501
28107,Panola,MS,MS-501
28109,Pearl River,MS,MS-501
28111,Perry,MS,MS-501
28113,Pike,MS,MS-501
28115,Pontotoc,MS,MS-501
28117,Prentiss,MS,MS-501
28119,Quitman,MS,MS-501
28121,Rankin,MS,MS-500
28123,Scott,MS,MS-501
28125,Sharkey,MS,MS-501
28127,Simpson,MS,MS-501
28129,Smith,MS,MS-501
28131,Stone,MS,MS-503
28133,Sunflower,MS,MS-501
28135,Tallahatchie,MS,MS-501
28137,Tate,MS,MS-501
28139,Tippah,MS,MS-501
28141,Tishomingo,MS,MS-501
28143,Tunica,MS,MS-501
28145,Union,MS,MS-501
28147,Walthall,MS,MS-501
28149,Warren,MS,MS-501
28151,Washington,MS,MS-501
28153,Wayne,MS,MS-501
28155,Webster,MS,MS-501
28157,Wilkinson,MS,MS-501
28159,Winston,MS,MS-501
28161,Yalobusha,MS,MS-501
28163,Yazoo,MS,MS-501
29001,Adair,MO,MO-606
29003,Andrew,MO,MO-603
29005,Atchison,MO,MO-606
29007,Audrain,MO,MO-606
29009,Barry,MO,MO-606
29011,Barton,MO,MO-606
29013,Bates,MO,MO-606
29015,Benton,MO,MO-606
29017,Bollinger,MO,MO-606
29019,Boone,MO,MO-606
29021,Buchanan,MO,MO-603
29023,Butler,MO,MO-606
29025,Caldwell,MO,MO-606
29027,Callaway,MO,MO-606
29029,Camden,MO,MO-606
29031,Cape Girardeau,MO,MO-606
29033,Carroll,MO,MO-606
29035,Carter,MO,MO-606
29037,Cass,MO,MO-606
29039,Cedar,MO,MO-606
29041,Chariton,MO,MO-606
29043,Christian,MO,MO-600
29045,Clark,MO,MO-606
29047,Clay,MO,MO-606
29049,Clinton,MO,MO-606
29051,Cole,MO,MO-606
29053,Cooper,MO,MO-606
29055,Crawford,MO,MO-606
29057,Dade,MO,MO-606
29059,Dallas,MO,MO-606
29061,Daviess,MO,MO-606
29063,De Kalb,MO,MO-603
29065,Dent,MO,MO-606
29067,Douglas,MO,MO-606
29069,Dunklin,MO,MO-606
29071,Franklin,MO,MO-606
29073,Gasconade,MO,MO-606
29075,Gentry,MO,MO-606
29077,Greene,MO,MO-600
29079,Grundy,MO,MO-606
29081,Harrison,MO,MO-606
29083,Henry,MO,MO-606
29085,Hickory,MO,MO-606
29087,Holt,MO,MO-606
29089,Howard,MO,MO-606
29091,Howell,MO,MO-606
29093,Iron,MO,MO-606
29095,Jackson,MO,MO-604
29097,Jasper,MO,MO-602
29099,Jefferson,MO,MO-606
29101,Johnson,MO,MO-606
29103,Knox,MO,MO-606
29105,Laclede,MO,MO-606
29107,Lafayette,MO,MO-606
29109,Lawrence,MO,MO-606
29111,Lewis,MO,MO-606
29113,Lincoln,MO,MO-503
29115,Linn,MO,MO-606
29117,Livingston,MO,MO-606
29119,McDonald,MO,MO-606
29121,Macon,MO,MO-606
29123,Madison,MO,MO-606
29125,Maries,MO,MO-606
29127,Marion,MO,MO-606
29129,Mercer,MO,MO-606
29131,Miller,MO,MO-606
29133,Mississippi,MO,MO-606
29135,Moniteau,MO,MO-606
29137,Monroe,MO,MO-606
29139,Montgomery,MO,MO-606
29141,Morgan,MO,MO-606
29143,New Madrid,MO,MO-606
29145,Newton,MO,MO-602
29147,Nodaway,MO,MO-606
29149,Oregon,MO,MO-606
29151,Osage,MO,MO-606
29153,Ozark,MO,MO-606
29155,Pemiscot,MO,MO-606
29157,Perry,MO,MO-606
29159,Pettis,MO,MO-606
29161,Phelps,MO,MO-606
29163,Pike,MO,MO-606
29165,Platte,MO,MO-606
29167,Polk,MO,MO-606
29169,Pulaski,MO,MO-606
29171,Putnam,MO,MO-606
29173,Ralls,MO,MO-606
29175,Randolph,MO,MO-606
29177,Ray,MO,MO-606
29179,Reynolds,MO,MO-606
29181,Ripley,MO,MO-606
29183,St Charles,MO,MO-503
29185,St Clair,MO,MO-606
29186,Ste. Genevieve,MO,MO-606
29187,St Francois,MO,MO-606
29189,St Louis,MO,MO-500
29195,Saline,MO,MO-606
29197,Schuyler,MO,MO-606
29199,Scotland,MO,MO-606
29201,Scott,MO,MO-606
29203,Shannon,MO,MO-606
29205,Shelby,MO,MO-606
29207,Stoddard,MO,MO-606
29209,Stone,MO,MO-606
29211,Sullivan,MO,MO-606
29213,Taney,MO,MO-606
29215,Texas,MO,MO-606
29217,Vernon,MO,MO-606
29219,Warren,MO,MO-503
29221,Washington,MO,MO-606
29223,Wayne,MO,MO-606
29225,Webster,MO,MO-600
29227,Worth,MO,MO-606
29229,Wright,MO,MO-606
29510,St Louis City,MO,MO-501
30001,Beaverhead,MT,MT-500
30003,Big Horn,MT,MT-500
30005,Blaine,MT,MT-500
30007,Broadwater,MT,MT-500
30009,Carbon,MT,MT-500
30011,Carter,MT,MT-500
30013,Cascade,MT,MT-500
30015,Chouteau,MT,MT-500
30017,Custer,MT,MT-500
30019,Daniels,MT,MT-500
30021,Dawson,MT,MT-500
30023,Deer Lodge,MT,MT-500
30025,Fallon,MT,MT-500
30027,Fergus,MT,MT-500
30029,Flathead,MT,MT-500
30031,Gallatin,MT,MT-500
30033,Garfield,MT,MT-500
30035,Glacier,MT,MT-500
30037,Golden Valley,MT,MT-500
30039,Granite,MT,MT-500
30041,Hill,MT,MT-500
30043,Jefferson,MT,MT-500
30045,Judith Basin,MT,MT-500
30047,Lake,MT,MT-500
30049,Lewis and Clark,MT,MT-500
30051,Liberty,MT,MT-500
30053,Lincoln,MT,MT-500
30055,McCone,MT,MT-500
30057,Madison,MT,MT-500
30059,Meagher,MT,MT-500
30061,Mineral,MT,MT-500
30063,Missoula,MT,MT-500
30065,Musselshell,MT,MT-500
30067,Park,MT,MT-500
30069,Petroleum,MT,MT-500
30071,Phillips,MT,MT-500
30073,Pondera,MT,MT-500
30075,Powder River,MT,MT-500
30077,Powell,MT,MT-500
30079,Prairie,MT,MT-500
30081,Ravalli,MT,MT-500
30083,Richland,MT,MT-500
30085,Roosevelt,MT,MT-500
30087,Rosebud,MT,MT-500
30089,Sanders,MT,MT-500
30091,Sheridan,MT,MT-500
30093,Silver Bow,MT,MT-500
30095,Stillwater,MT,MT-500
30097,Sweet Grass,MT,MT-500
30099,Teton,MT,MT-500
30101,Toole,MT,MT-500
30103,Treasure,MT,MT-500
30105,Valley,MT,MT-500
30107,Wheatland,MT,MT-500
30109,Wibaux,MT,MT-500
30111,Yellowstone,MT,MT-500
30113,Yellowstone Nat Park,MT,MT-500
31001,Adams,NE,NE-500
31003,Antelope,NE,NE-500
31005,Arthur,NE,NE-500
31007,Banner,NE,NE-500
31009,Blaine,NE,NE-500
31011,Boone,NE,NE-500
31013,Box Butte,NE,NE-500
31015,Boyd,NE,NE-500
31017,Brown,NE,NE-500
31019,Buffalo,NE,NE-500
31021,Burt,NE,NE-500
31023,Butler,NE,NE-500
31025,Cass,NE,NE-501
31027,Cedar,NE,NE-500
31029,Chase,NE,NE-500
31031,Cherry,NE,NE-500
31033,Cheyenne,NE,NE-500
31035,Clay,NE,NE-500
31037,Colfax,NE,NE-500
31039,Cuming,NE,NE-500
31041,Custer,NE,NE-500
31043,Dakota,NE,NE-500
31045,Dawes,NE,NE-500
31047,Dawson,NE,NE-500
31049,Deuel,NE,NE-500
31051,Dixon,NE,NE-500
31053,Dodge,NE,NE-500
31055,Douglas,NE,NE-501
31057,Dundy,NE,NE-500
31059,Fillmore,NE,NE-500
31061,Franklin,NE,NE-500
31063,Frontier,NE,NE-500
31065,Furnas,NE,NE-500
31067,Gage,NE,NE-500
31069,Garden,NE,NE-500
31071,Garfield,NE,NE-500
31073,Gosper,NE,NE-500
31075,Grant,NE,NE-500
31077,Greeley,NE,NE-500
31079,Hall,NE,NE-500
31081,Hamilton,NE,NE-500
31083,Harlan,NE,NE-500
31085,Hayes,NE,NE-500
31087,Hitchcock,NE,NE-500
31089,Holt,NE,NE-500
31091,Hooker,NE,NE-500
31093,Howard,NE,NE-500
31095,Jefferson,NE,NE-500
31097,Johnson,NE,NE-500
31099,Kearney,NE,NE-500
31101,Keith,NE,NE-500
31103,Keya Paha,NE,NE-500
31105,Kimball,NE,NE-500
31107,Knox,NE,NE-500
31109,Lancaster,NE,NE-500
31111,Lincoln,NE,NE-502
31113,Logan,NE,NE-500
31115,Loup,NE,NE-500
31117,McPherson,NE,NE-500
31119,Madison,NE,NE-500
31121,Merrick,NE,NE-500
31123,Morrill,NE,NE-500
31125,Nance,NE,NE-500
31127,Nemaha,NE,NE-500
31129,Nuckolls,NE,NE-500
31131,Otoe,NE,NE-500
31133,Pawnee,NE,NE-500
31135,Perkins,NE,NE-500
31137,Phelps,NE,NE-500
31139,Pierce,NE,NE-500
31141,Platte,NE,NE-500
31143,Polk,NE,NE-500
31145,Red Willow,NE,NE-500
31147,Richardson,NE,NE-500
31149,Rock,NE,NE-500
31151,Saline,NE,NE-500
31153,Sarpy,NE,NE-501
31155,Saunders,NE,NE-501
31157,Scotts Bluff,NE,NE-500
31159,Seward,NE,NE-500
31161,Sheridan,NE,NE-500
31163,Sherman,NE,NE-500
31165,Sioux,NE,NE-500
31167,Stanton,NE,NE-500
31169,Thayer,NE,NE-500
31171,Thomas,NE,NE-500
31173,Thurston,NE,NE-500
31175,Valley,NE,NE-500
31177,Washington,NE,NE-501
31179,Wayne,NE,NE-500
31181,Webster,NE,NE-500
31183,Wheeler,NE,NE-500
31185,York,NE,NE-500
32001,Churchill,NV,NV-502
32003,Clark,NV,NV-500
32005,Douglas,NV,NV-502
32007,Elko,NV,NV-502
32009,Esmeralda,NV,NV-502
32011,Eureka,NV,NV-502
32013,Humboldt,NV,NV-502
32015,Lander,NV,NV-502
32017,Lincoln,NV,NV-502
32019,Lyon,NV,NV-502
32021,Mineral,NV,NV-502
32023,Nye,NV,NV-502
32027,Pershing,NV,NV-502
32029,Storey,NV,NV-502
32031,Washoe,NV,NV-501
32033,White Pine,NV,NV-502
32510,Carson City,NV,NV-502
33001,Belknap,NH,NH-500
33003,Carroll,NH,NH-500
33005,Cheshire,NH,NH-500
33007,Coos,NH,NH-500
33009,Grafton,NH,NH-500
33011,Hillsborough,NH,NH-502
33013,Merrimack,NH,NH-500
33015,Rockingham,NH,NH-500
33017,Strafford,NH,NH-500
33019,Sullivan,NH,NH-500
34001,Atlantic,NJ,NJ-500
34003,Bergen,NJ,NJ-501
34005,Burlington,NJ,NJ-502
34007,Camden,NJ,NJ-503
34009,Cape May,NJ,NJ-503
34011,Cumberland,NJ,NJ-503
34013,Essex,NJ,NJ-504
34015,Gloucester,NJ,NJ-503
34017,Hudson,NJ,NJ-506
34019,Hunterdon,NJ,NJ-516
34021,Mercer,NJ,NJ-514
34023,Middlesex,NJ,NJ-507
34025,Monmouth,NJ,NJ-508
34027,Morris,NJ,NJ-509
34029,Ocean,NJ,NJ-501
34031,Passaic,NJ,NJ-511
34033,Salem,NJ,NJ-512
34035,Somerset,NJ,NJ-513
34037,Sussex,NJ,NJ-516
34039,Union,NJ,NJ-515
34041,Warren,NJ,NJ-516
35001,Bernalillo,NM,NM-500
35003,Catron,NM,NM-501
35005,Chaves,NM,NM-501
35006,Cibola,NM,NM-501
35007,Colfax,NM,NM-501
35009,Curry,NM,NM-501
35011,De Baca,NM,NM-501
35013,Dona Ana,NM,NM-501
35015,Eddy,NM,NM-501
35017,Grant,NM,NM-501
35019,Guadalupe,NM,NM-501
35021,Harding,NM,NM-501
35023,Hidalgo,NM,NM-501
35025,Lea,NM,NM-501
35027,Lincoln,NM,NM-501
35028,Los Alamos,NM,NM-501
35029,Luna,NM,NM-501
35031,McKinley,NM,NM-501
35033,Mora,NM,NM-501
35035,Otero,NM,NM-501
35037,Quay,NM,NM-501
35039,Rio Arriba,NM,NM-501
35041,Roosevelt,NM,NM-501
35043,Sandoval,NM,NM-501
35045,San Juan,NM,NM-501
35047,San Miguel,NM,NM-501
35049,Santa Fe,NM,NM-501
35051,Sierra,NM,NM-501
35053,Socorro,NM,NM-501
35055,Taos,NM,NM-501
35057,Torrance,NM,NM-501
35059,Union,NM,NM-501
35061,Valencia,NM,NM-501
36001,Albany,NY,NY-503
36003,Allegany,NY,NY-501
36005,Bronx,NY,NY-600
36007,Broome,NY,NY-511
36009,Cattaraugus,NY,NY-504
36011,Cayuga,NY,NY-502
36013,Chautauqua,NY,NY-514
36015,Chemung,NY,NY-501
36017,Chenango,NY,NY-511
36019,Clinton,NY,NY-516
36021,Columbia,NY,NY-519
36023,Cortland,NY,NY-511
36025,Delaware,NY,NY-511
36027,Dutchess,NY,NY-601
36029,Erie,NY,NY-508
36031,Essex,NY,NY-520
36033,Franklin,NY,NY-520
36035,Fulton,NY,NY-507
36037,Genesee,NY,NY-508
36039,Greene,NY,NY-519
36041,Hamilton,NY,NY-523
36043,Herkimer,NY,NY-518
36045,Jefferson,NY,NY-522
36047,Kings,NY,NY-600
36049,Lewis,NY,NY-522
36051,Livingston,NY,NY-501
36053,Madison,NY,NY-518
36055,Monroe,NY,NY-500
36057,Montgomery,NY,NY-507
36059,Nassau,NY,NY-603
36061,New York,NY,NY-600
36063,Niagara,NY,NY-508
36065,Oneida,NY,NY-518
36067,Onondaga,NY,NY-505
36069,Ontario,NY,NY-513
36071,Orange,NY,NY-602
36073,Orleans,NY,NY-508
36075,Oswego,NY,NY-505
36077,Otsego,NY,NY-511
36079,Putnam,NY,NY-601
36081,Queens,NY,NY-600
36083,Rensselaer,NY,NY-512
36085,Richmond,NY,NY-500
36087,Rockland,NY,NY-606
36089,St Lawrence,NY,NY-522
36091,Saratoga,NY,NY-523
36093,Schenectady,NY,NY-507
36095,Schoharie,NY,NY-507
36097,Schuyler,NY,NY-501
36099,Seneca,NY,NY-513
36101,Steuben,NY,NY-501
36103,Suffolk,NY,NY-603
36105,Sullivan,NY,NY-607
36107,Tioga,NY,NY-511
36109,Tompkins,NY,NY-510
36111,Ulster,NY,NY-608
36113,Warren,NY,NY-523
36115,Washington,NY,NY-523
36117,Wayne,NY,NY-513
36119,Westchester,NY,NY-604
36121,Wyoming,NY,NY-508
36123,Yates,NY,NY-513
37001,Alamance,NC,NC-503
37003,Alexander,NC,NC-503
37005,Alleghany,NC,NC-516
37007,Anson,NC,NC-503
37009,Ashe,NC,NC-516
37011,Avery,NC,NC-516
37013,Beaufort,NC,NC-503
37015,Bertie,NC,NC-503
37017,Bladen,NC,NC-503
37019,Brunswick,NC,NC-506
37021,Buncombe,NC,NC-501
37023,Burke,NC,NC-503
37025,Cabarrus,NC,NC-503
37027,Caldwell,NC,NC-503
37029,Camden,NC,NC-503
37031,Carteret,NC,NC-503
37033,Caswell,NC,NC-503
37035,Catawba,NC,NC-503
37037,Chatham,NC,NC-503
37039,Cherokee,NC,NC-503
37041,Chowan,NC,NC-503
37043,Clay,NC,NC-503
37045,Cleveland,NC,NC-509
37047,Columbus,NC,NC-503
37049,Craven,NC,NC-503
37051,Cumberland,NC,NC-511
37053,Currituck,NC,NC-503
37055,Dare,NC,NC-503
37057,Davidson,NC,NC-503
37059,Davie,NC,NC-503
37061,Duplin,NC,NC-503
37063,Durham,NC,NC-502
37065,Edgecombe,NC,NC-503
37067,Forsyth,NC,NC-500
37069,Franklin,NC,NC-503
37071,Gaston,NC,NC-509
37073,Gates,NC,NC-503
37075,Graham,NC,NC-503
37077,Granville,NC,NC-503
37079,Greene,NC,NC-503
37081,Guilford,NC,NC-504
37083,Halifax,NC,NC-503
37085,Harnett,NC,NC-503
37087,Haywood,NC,NC-503
37089,Henderson,NC,NC-503
37091,Hertford,NC,NC-503
37093,Hoke,NC,NC-503
37095,Hyde,NC,NC-503
37097,Iredell,NC,NC-503
37099,Jackson,NC,NC-503
37101,Johnston,NC,NC-503
37103,Jones,NC,NC-503
37105,Lee,NC,NC-503
37107,Lenoir,NC,NC-503
37109,Lincoln,NC,NC-509
37111,McDowell,NC,NC-503
37113,Macon,NC,NC-503
37115,Madison,NC,NC-503
37117,Martin,NC,NC-503
37119,Mecklenburg,NC,NC-505
37121,Mitchell,NC,NC-516
37123,Montgomery,NC,NC-503
37125,Moore,NC,NC-503
37127,Nash,NC,NC-503
37129,New Hanover,NC,NC-506
37131,Northampton,NC,NC-503
37133,Onslow,NC,NC-503
37135,Orange,NC,NC-513
37137,Pamlico,NC,NC-503
37139,Pasquotank,NC,NC-503
37141,Pender,NC,NC-506
37143,Perquimans,NC,NC-503
37145,Person,NC,NC-503
37147,Pitt,NC,NC-503
37149,Polk,NC,NC-503
37151,Randolph,NC,NC-503
37153,Richmond,NC,NC-503
37155,Robeson,NC,NC-503
37157,Rockingham,NC,NC-503
37159,Rowan,NC,NC-503
37161,Rutherford,NC,NC-503
37163,Sampson,NC,NC-503
37165,Scotland,NC,NC-503
37167,Stanly,NC,NC-503
37169,Stokes,NC,NC-503
37171,Surry,NC,NC-503
37173,Swain,NC,NC-503
37175,Transylvania,NC,NC-503
37177,Tyrrell,NC,NC-503
37179,Union,NC,NC-503
37181,Vance,NC,NC-503
37183,Wake,NC,NC-507
37185,Warren,NC,NC-503
37187,Washington,NC,NC-503
37189,Watauga,NC,NC-516
37191,Wayne,NC,NC-503
37193,Wilkes,NC,NC-516
37195,Wilson,NC,NC-503
37197,Yadkin,NC,NC-503
37199,Yancey,NC,NC-516
38001,Adams,ND,ND-500
38003,Barnes,ND,ND-500
38005,Benson,ND,ND-500
38007,Billings,ND,ND-500
38009,Bottineau,ND,ND-500
38011,Bowman,ND,ND-500
38013,Burke,ND,ND-500
38015,Burleigh,ND,ND-500
38017,Cass,ND,ND-500
38019,Cavalier,ND,ND-500
38021,Dickey,ND,ND-500
38023,Divide,ND,ND-500
38025,Dunn,ND,ND-500
38027,Eddy,ND,ND-500
38029,Emmons,ND,ND-500
38031,Foster,ND,ND-500
38033,Golden Valley,ND,ND-500
38035,Grand Forks,ND,ND-500
38037,Grant,ND,ND-500
38039,Griggs,ND,ND-500
38041,Hettinger,ND,ND-500
38043,Kidder,ND,ND-500
38045,La Moure,ND,ND-500
38047,Logan,ND,ND-500
38049,McHenry,ND,ND-500
38051,McIntosh,ND,ND-500
38053,McKenzie,ND,ND-500
38055,McLean,ND,ND-500
38057,Mercer,ND,ND-500
38059,Morton,ND,ND-500
38061,Mountrail,ND,ND-500
38063,Nelson,ND,ND-500
38065,Oliver,ND,ND-500
38067,Pembina,ND,ND-500
38069,Pierce,ND,ND-500
38071,Ramsey,ND,ND-500
38073,Ransom,ND,ND-500
38075,Renville,ND,ND-500
38077,Richland,ND,ND-500
38079,Rolette,ND,ND-500
38081,Sargent,ND,ND-500
38083,Sheridan,ND,ND-500
38085,Sioux,ND,ND-500
38087,Slope,ND,ND-500
38089,Stark,ND,ND-500
38091,Steele,ND,ND-500
38093,Stutsman,ND,ND-500
38095,Towner,ND,ND-500
38097,Traill,ND,ND-500
38099,Walsh,ND,ND-500
38101,Ward,ND,ND-500
38103,Wells,ND,ND-500
38105,Williams,ND,ND-500
39001,Adams,OH,OH-507
39003,Allen,OH,OH-507
39005,Ashland,OH,OH-507
39007,Ashtabula,OH,OH-507
39009,Athens,OH,OH-507
39011,Auglaize,OH,OH-507
39013,Belmont,OH,OH-507
39015,Brown,OH,OH-507
39017,Butler,OH,OH-507
39019,Carroll,OH,OH-507
39021,Champaign,OH,OH-507
39023,Clark,OH,OH-507
39025,Clermont,OH,OH-507
39027,Clinton,OH,OH-507
39029,Columbiana,OH,OH-507
39031,Coshocton,OH,OH-507
39033,Crawford,OH,OH-507
39035,Cuyahoga,OH,OH-502
39037,Darke,OH,OH-507
39039,Defiance,OH,OH-507
39041,Delaware,OH,OH-507
39043,Erie,OH,OH-507
39045,Fairfield,OH,OH-507
39047,Fayette,OH,OH-507
39049,Franklin,OH,OH-503
39051,Fulton,OH,OH-507
39053,Gallia,OH,OH-507
39055,Geauga,OH,OH-507
39057,Greene,OH,OH-507
39059,Guernsey,OH,OH-507
39061,Hamilton,OH,OH-500
39063,Hancock,OH,OH-507
39065,Hardin,OH,OH-507
39067,Harrison,OH,OH-507
39069,Henry,OH,OH-507
39071,Highland,OH,OH-507
39073,Hocking,OH,OH-507
39075,Holmes,OH,OH-507
39077,Huron,OH,OH-507
39079,Jackson,OH,OH-507
39081,Jefferson,OH,OH-507
39083,Knox,OH,OH-507
39085,Lake,OH,OH-507
39087,Lawrence,OH,OH-507
39089,Licking,OH,OH-507
39091,Logan,OH,OH-507
39093,Lorain,OH,OH-507
39095,Lucas,OH,OH-501
39097,Madison,OH,OH-507
39099,Mahoning,OH,OH-504
39101,Marion,OH,OH-507
39103,Medina,OH,OH-507
39105,Meigs,OH,OH-507
39107,Mercer,OH,OH-507
39109,Miami,OH,OH-507
39111,Monroe,OH,OH-507
39113,Montgomery,OH,OH-505
39115,Morgan,OH,OH-507
39117,Morrow,OH,OH-507
39119,Muskingum,OH,OH-507
39121,Noble,OH,OH-507
39123,Ottawa,OH,OH-507
39125,Paulding,OH,OH-507
39127,Perry,OH,OH-507
39129,Pickaway,OH,OH-507
39131,Pike,OH,OH-507
39133,Portage,OH,OH-507
39135,Preble,OH,OH-507
39137,Putnam,OH,OH-507
39139,Richland,OH,OH-507
39141,Ross,OH,OH-507
39143,Sandusky,OH,OH-507
39145,Scioto,OH,OH-507
39147,Seneca,OH,OH-507
39149,Shelby,OH,OH-507
39151,Stark,OH,OH-508
39153,Summit,OH,OH-506
39155,Trumbull,OH,OH-507
39157,Tuscarawas,OH,OH-507
39159,Union,OH,OH-507
39161,Van Wert,OH,OH-507
39163,Vinton,OH,OH-507
39165,Warren,OH,OH-507
39167,Washington,OH,OH-507
39169,Wayne,OH,OH-507
39171,Williams,OH,OH-507
39173,Wood,OH,OH-507
39175,Wyandot,OH,OH-507
40001,Adair,OK,OK-505
40003,Alfalfa,OK,OK-500
40005,Atoka,OK,OK-507
40007,Beaver,OK,OK-500
40009,Beckham,OK,OK-506
40011,Blaine,OK,OK-500
40013,Bryan,OK,OK-507
40015,Caddo,OK,OK-506
40017,Canadian,OK,OK-500
40019,Carter,OK,OK-506
40021,Cherokee,OK,OK-505
40023,Choctaw,OK,OK-507
40025,Cimarron,OK,OK-500
40027,Cleveland,OK,OK-504
40029,Coal,OK,OK-507
40031,Comanche,OK,OK-506
40033,Cotton,OK,OK-503
40035,Craig,OK,OK-505
40037,Creek,OK,OK-505
40039,Custer,OK,OK-506
40041,Delaware,OK,OK-505
40043,Dewey,OK,OK-500
40045,Ellis,OK,OK-500
40047,Garfield,OK,OK-500
40049,Garvin,OK,OK-506
40051,Grady,OK,OK-506
40053,Grant,OK,OK-500
40055,Greer,OK,OK-506
40057,Harmon,OK,OK-506
40059,Harper,OK,OK-500
40061,Haskell,OK,OK-507
40063,Hughes,OK,OK-507
40065,Jackson,OK,OK-506
40067,Jefferson,OK,OK-506
40069,Johnston,OK,OK-507
40071,Kay,OK,OK-503
40073,Kingfisher,OK,OK-500
40075,Kiowa,OK,OK-506
40077,Latimer,OK,OK-507
40079,Le Flore,OK,OK-507
40081,Lincoln,OK,OK-505
40083,Logan,OK,OK-503
40085,Love,OK,OK-507
40087,McClain,OK,OK-506
40089,McCurtain,OK,OK-507
40091,McIntosh,OK,OK-505
40093,Major,OK,OK-500
40095,Marshall,OK,OK-507
40097,Mayes,OK,OK-505
40099,Murray,OK,OK-507
40101,Muskogee,OK,OK-505
40103,Noble,OK,OK-503
40105,Nowata,OK,OK-505
40107,Okfuskee,OK,OK-505
40109,Oklahoma,OK,OK-502
40111,Okmulgee,OK,OK-505
40113,Osage,OK,OK-505
40115,Ottawa,OK,OK-505
40117,Pawnee,OK,OK-505
40119,Payne,OK,OK-505
40121,Pittsburg,OK,OK-503
40123,Pontotoc,OK,OK-507
40125,Pottawatomie,OK,OK-507
40127,Pushmataha,OK,OK-507
40129,Roger Mills,OK,OK-506
40131,Rogers,OK,OK-505
40133,Seminole,OK,OK-507
40135,Sequoyah,OK,OK-505
40137,Stephens,OK,OK-506
40139,Texas,OK,OK-500
40141,Tillman,OK,OK-506
40143,Tulsa,OK,OK-501
40145,Wagoner,OK,OK-505
40147,Washington,OK,OK-505
40149,Washita,OK,OK-506
40151,Woods,OK,OK-500
40153,Woodward,OK,OK-500
41001,Baker,OR,OR-505
41003,Benton,OR,OR-505
41005,Clackamas,OR,OR-507
41007,Clatsop,OR,OR-505
41009,Columbia,OR,OR-505
41011,Coos,OR,OR-505
41013,Crook,OR,OR-503
41015,Curry,OR,OR-505
41017,Deschutes,OR,OR-503
41019,Douglas,OR,OR-505
41021,Gilliam,OR,OR-505
41023,Grant,OR,OR-505
41025,Harney,OR,OR-505
41027,Hood River,OR,OR-505
41029,Jackson,OR,OR-502
41031,Jefferson,OR,OR-503
41033,Josephine,OR,OR-505
41035,Klamath,OR,OR-505
41037,Lake,OR,OR-505
41039,Lane,OR,OR-500
41041,Lincoln,OR,OR-505
41043,Linn,OR,OR-505
41045,Malheur,OR,OR-505
41047,Marion,OR,OR-505
41049,Morrow,OR,OR-505
41051,Multnomah,OR,OR-501
41053,Polk,OR,OR-505
41055,Sherman,OR,OR-505
41057,Tillamook,OR,OR-505
41059,Umatilla,OR,OR-505
41061,Union,OR,OR-505
41063,Wallowa,OR,OR-505
41065,Wasco,OR,OR-505
41067,Washington,OR,OR-506
41069,Wheeler,OR,OR-505
41071,Yamhill,OR,OR-505
42001,Adams,PA,PA-509
42003,Allegheny,PA,PA-600
42005,Armstrong,PA,PA-601
42007,Beaver,PA,PA-603
42009,Bedford,PA,PA-601
42011,Berks,PA,PA-506
42013,Blair,PA,PA-601
42015,Bradford,PA,PA-509
42017,Bucks,PA,PA-511
42019,Butler,PA,PA-601
42021,Cambria,PA,PA-601
42023,Cameron,PA,PA-601
42027,Centre,PA,PA-509
42025,Carbon ,PA,PA-509
42029,Chester,PA,PA-505
42031,Clarion,PA,PA-601
42033,Clearfield,PA,PA-601
42037,Columbia,PA,PA-509
42039,Crawford,PA,PA-601
42041,Cumberland,PA,PA-509
42043,Dauphin,PA,PA-501
42045,Delaware,PA,PA-502
42047,Elk,PA,PA-601
42049,Erie,PA,PA-605
42051,Fayette,PA,PA-601
42053,Forest,PA,PA-601
42055,Franklin,PA,PA-509
42057,Fulton,PA,PA-509
42059,Greene,PA,PA-601
42061,Huntingdon,PA,PA-509
42063,Indiana,PA,PA-601
42065,Jefferson,PA,PA-601
42067,Juniata,PA,PA-509
42069,Lackawanna,PA,PA-508
42071,Lancaster,PA,PA-510
42073,Lawrence,PA,PA-601
42075,Lebanon,PA,PA-509
42077,Lehigh,PA,PA-509
42079,Luzerne,PA,PA-503
42081,Lycoming,PA,PA-509
42083,McKean,PA,PA-601
42085,Mercer,PA,PA-601
42087,Mifflin,PA,PA-509
47123,Monroe,PA,PA-509
42091,Montgomery,PA,PA-504
42093,Montour,PA,PA-509
42095,Northampton,PA,PA-509
42097,Northumberland,PA,PA-509
42101,Philadelphia,PA,PA-500
42103,Pike,PA,PA-509
42105,Potter,PA,PA-601
42107,Schuylkill,PA,PA-509
42109,Snyder,PA,PA-509
42111,Somerset,PA,PA-601
42113,Sullivan,PA,PA-509
42115,Susquehanna,PA,PA-509
42117,Tioga,PA,PA-509
42121,Venango,PA,PA-601
42123,Warren,PA,PA-601
42125,Washington,PA,PA-601
42127,Wayne,PA,PA-509
42129,Westmoreland,PA,PA-601
42131,Wyoming,PA,PA-509
42133,York,PA,PA-512
44001,Bristol,RI,RI-500
44003,Kent,RI,RI-500
44005,Newport,RI,RI-500
44007,Providence,RI,RI-500
44009,Washington,RI,RI-500
45001,Abbeville,SC,SC-501
45003,Aiken,SC,SC-502
45005,Allendale,SC,SC-500
45007,Anderson,SC,SC-501
45009,Bamberg,SC,SC-500
45011,Barnwell,SC,SC-502
45013,Beaufort,SC,SC-500
45015,Berkeley,SC,SC-500
45017,Calhoun,SC,SC-502
45019,Charleston,SC,SC-500
45021,Cherokee,SC,SC-501
45023,Chester,SC,SC-502
45025,Chesterfield,SC,None
45027,Clarendon,SC,None
45029,Colleton,SC,SC-500
45031,Darlington,SC,None
45033,Dillon,SC,None
45035,Dorchester,SC,SC-500
45037,Edgefield,SC,SC-502
45039,Fairfield,SC,SC-502
45041,Florence,SC,None
45043,Georgetown,SC,None
45045,Greenville,SC,SC-501
45047,Greenwood,SC,SC-501
45049,Hampton,SC,SC-500
45053,Jasper,SC,SC-500
45055,Kershaw,SC,SC-502
45057,Lancaster,SC,SC-502
45059,Laurens,SC,SC-501
45063,Lexington,SC,SC-502
45065,McCormick,SC,SC-501
45071,Newberry,SC,SC-502
45073,Oconee,SC,SC-501
45075,Orangeburg,SC,SC-500
45077,Pickens,SC,SC-501
45079,Richland,SC,SC-502
45081,Saluda,SC,SC-502
45083,Spartanburg,SC,SC-501
45085,Sumter,SC,SC-503
45087,Union,SC,SC-501
45091,York,SC,SC-502
46003,Aurora,SD,SD-500
46005,Beadle,SD,SD-500
46007,Bennett,SD,SD-500
46009,Bon Homme,SD,SD-500
46011,Brookings,SD,SD-500
46013,Brown,SD,SD-500
46015,Brule,SD,SD-500
46017,Buffalo,SD,SD-500
46019,Butte,SD,SD-500
46021,Campbell,SD,SD-500
46023,Charles Mix,SD,SD-500
46025,Clark,SD,SD-500
46027,Clay,SD,SD-500
46029,Codington,SD,SD-500
46031,Corson,SD,SD-500
46033,Custer,SD,SD-500
46035,Davison,SD,SD-500
46037,Day,SD,SD-500
46039,Deuel,SD,SD-500
46041,Dewey,SD,SD-500
46043,Douglas,SD,SD-500
46045,Edmunds,SD,SD-500
46047,Fall River,SD,SD-500
46049,Faulk,SD,SD-500
46051,Grant,SD,SD-500
46053,Gregory,SD,SD-500
46055,Haakon,SD,SD-500
46057,Hamlin,SD,SD-500
46059,Hand,SD,SD-500
46061,Hanson,SD,SD-500
46063,Harding,SD,SD-500
46065,Hughes,SD,SD-500
46067,Hutchinson,SD,SD-500
46069,Hyde,SD,SD-500
46071,Jackson,SD,SD-500
46073,Jerauld,SD,SD-500
46075,Jones,SD,SD-500
46077,Kingsbury,SD,SD-500
46079,Lake,SD,SD-500
46081,Lawrence,SD,SD-500
46083,Lincoln,SD,SD-500
46085,Lyman,SD,SD-500
46087,McCook,SD,SD-500
46089,McPherson,SD,SD-500
46091,Marshall,SD,SD-500
46093,Meade,SD,SD-500
46095,Mellette,SD,SD-500
46097,Miner,SD,SD-500
46099,Minnehaha,SD,SD-500
46101,Moody,SD,SD-500
46103,Pennington,SD,SD-500
46105,Perkins,SD,SD-500
46107,Potter,SD,SD-500
46109,Roberts,SD,SD-500
46111,Sanborn,SD,SD-500
46113,Shannon,SD,SD-500
46115,Spink,SD,SD-500
46117,Stanley,SD,SD-500
46119,Sully,SD,SD-500
46121,Todd,SD,SD-500
46123,Tripp,SD,SD-500
46125,Turner,SD,SD-500
46127,Union,SD,SD-500
46129,Walworth,SD,SD-500
46135,Yankton,SD,SD-500
46137,Ziebach,SD,SD-500
47001,Anderson,TN,TN-509
47003,Bedford,TN,TN-503
47005,Benton,TN,TN-507
47007,Bledsoe,TN,TN-500
47009,Blount,TN,TN-512
47011,Bradley,TN,TN-500
47013,Campbell,TN,TN-512
47015,Cannon,TN,TN-506
47017,Carroll,TN,TN-507
47019,Carter,TN,TN-509
47021,Cheatham,TN,TN-503
47023,Chester,TN,TN-507
47025,Claiborne,TN,TN-509
47027,Clay,TN,TN-506
47029,Cocke,TN,TN-512
47031,Coffee,TN,TN-503
47033,Crockett,TN,TN-507
47035,Cumberland,TN,TN-509
47037,Davidson,TN,TN-504
47039,Decatur,TN,TN-507
47041,De Kalb,TN,TN-506
47043,Dickson,TN,TN-503
47045,Dyer,TN,TN-507
47047,Fayette,TN,TN-507
47049,Fentress,TN,TN-509
47051,Franklin,TN,TN-500
47053,Gibson,TN,TN-507
47055,Giles,TN,TN-503
47057,Grainger,TN,TN-509
47059,Greene,TN,TN-509
47061,Grundy,TN,TN-500
47063,Hamblen,TN,TN-512
47065,Hamilton,TN,TN-512
47067,Hancock,TN,TN-509
47069,Hardeman,TN,TN-507
47071,Hardin,TN,TN-507
47073,Hawkins,TN,TN-509
47075,Haywood,TN,TN-507
47077,Henderson,TN,TN-507
47079,Henry,TN,TN-507
47081,Hickman,TN,TN-503
47083,Houston,TN,TN-503
47085,Humphreys,TN,TN-503
47087,Jackson,TN,TN-506
47089,Jefferson,TN,TN-512
47091,Johnson,TN,TN-509
47093,Knox,TN,TN-502
47095,Lake,TN,TN-507
47097,Lauderdale,TN,TN-507
47099,Lawrence,TN,TN-503
47101,Lewis,TN,TN-503
47103,Lincoln,TN,TN-503
47105,Loudon,TN,TN-512
47107,McMinn,TN,TN-500
47109,McNairy,TN,TN-507
47111,Macon,TN,TN-506
47113,Madison,TN,TN-507
47115,Marion,TN,TN-500
47117,Marshall,TN,TN-503
47119,Maury,TN,TN-503
47121,Meigs,TN,TN-500
47123,Monroe,TN,TN-512
47125,Montgomery,TN,TN-512
47127,Moore,TN,TN-503
47129,Morgan,TN,TN-512
47131,Obion,TN,TN-507
47133,Overton,TN,TN-506
47135,Perry,TN,TN-503
47137,Pickett,TN,TN-506
47139,Polk,TN,TN-500
47141,Putnam,TN,TN-506
47143,Rhea,TN,TN-500
47145,Roane,TN,TN-512
47147,Robertson,TN,TN-503
47149,Rutherford,TN,TN-510
47151,Scott,TN,TN-509
47153,Sequatchie,TN,TN-500
47155,Sevier,TN,TN-512
47157,Shelby,TN,TN-501
47159,Smith,TN,TN-506
47161,Stewart,TN,TN-503
47163,Sullivan,TN,TN-509
47165,Sumner,TN,TN-503
47167,Tipton,TN,TN-507
47169,Trousdale,TN,TN-503
47171,Unicoi,TN,TN-509
47175,Van Buren,TN,TN-506
47177,Warren,TN,TN-506
47179,Washington,TN,TN-509
47181,Wayne,TN,TN-503
47183,Weakley,TN,TN-507
47185,White,TN,TN-506
47187,Williamson,TN,TN-503
47189,Wilson,TN,TN-503
48001,Anderson,TX,TX-607
48003,Andrews,TX,TX-607
48005,Angelina,TX,TX-607
48007,Aransas,TX,TX-607
48009,Archer,TX,TX-624
48011,Armstrong,TX,TX-607
48013,Atascosa,TX,TX-607
48015,Austin,TX,TX-607
48017,Bailey,TX,TX-607
48019,Bandera,TX,TX-607
48021,Bastrop,TX,TX-607
48023,Baylor,TX,TX-607
48025,Bee,TX,TX-607
48027,Bell,TX,TX-607
48029,Bexar,TX,TX-500
48031,Blanco,TX,TX-607
48033,Borden,TX,TX-607
48035,Bosque,TX,TX-607
48037,Bowie,TX,TX-607
48039,Brazoria,TX,TX-607
48041,Brazos,TX,TX-701
48043,Brewster,TX,TX-607
48045,Briscoe,TX,TX-607
48047,Brooks,TX,TX-607
48049,Brown,TX,TX-607
48051,Burleson,TX,TX-607
48053,Burnet,TX,TX-607
48055,Caldwell,TX,TX-607
48057,Calhoun,TX,TX-607
48059,Callahan,TX,TX-607
48061,Cameron,TX,TX-607
48063,Camp,TX,TX-607
48065,Carson,TX,TX-607
48067,Cass,TX,TX-607
48069,Castro,TX,TX-607
48071,Chambers,TX,TX-607
48073,Cherokee,TX,TX-607
48075,Childress,TX,TX-607
48077,Clay,TX,TX-607
48079,Cochran,TX,TX-607
48081,Coke,TX,TX-607
48083,Coleman,TX,TX-607
48085,Collin,TX,TX-607
48087,Collingsworth,TX,TX-607
48089,Colorado,TX,TX-607
48091,Comal,TX,TX-607
48093,Comanche,TX,TX-607
48095,Concho,TX,TX-607
48097,Cooke,TX,TX-607
48099,Coryell,TX,TX-607
48101,Cottle,TX,TX-607
48103,Crane,TX,TX-607
48105,Crockett,TX,TX-607
48107,Crosby,TX,TX-607
48109,Culberson,TX,TX-607
48111,Dallam,TX,TX-607
48113,Dallas,TX,TX-600
48115,Dawson,TX,TX-607
48117,Deaf Smith,TX,TX-607
48119,Delta,TX,TX-607
48121,Denton,TX,TX-607
48123,De Witt,TX,TX-607
48125,Dickens,TX,TX-607
48127,Dimmit,TX,TX-607
48129,Donley,TX,TX-607
48131,Duval,TX,TX-607
48133,Eastland,TX,TX-607
48135,Ector,TX,TX-607
48137,Edwards,TX,TX-607
48139,Ellis,TX,TX-607
48141,El Paso,TX,TX-603
48143,Erath,TX,TX-607
48145,Falls,TX,TX-607
48147,Fannin,TX,TX-607
48149,Fayette,TX,TX-607
48151,Fisher,TX,TX-607
48153,Floyd,TX,TX-607
48155,Foard,TX,TX-607
48157,Fort Bend,TX,TX-700
48159,Franklin,TX,TX-607
48161,Freestone,TX,TX-607
48163,Frio,TX,TX-607
48165,Gaines,TX,TX-607
48167,Galveston,TX,TX-607
48169,Garza,TX,TX-607
48171,Gillespie,TX,TX-607
48173,Glasscock,TX,TX-607
48175,Goliad,TX,TX-607
48177,Gonzales,TX,TX-607
48179,Gray,TX,TX-607
48181,Grayson,TX,TX-607
48183,Gregg,TX,TX-607
48185,Grimes,TX,TX-607
48187,Guadalupe,TX,TX-607
48189,Hale,TX,TX-607
48191,Hall,TX,TX-607
48193,Hamilton,TX,TX-607
48195,Hansford,TX,TX-607
48197,Hardeman,TX,TX-607
48199,Hardin,TX,TX-607
48201,Harris,TX,TX-700
48203,Harrison,TX,TX-607
48205,Hartley,TX,TX-607
48207,Haskell,TX,TX-607
48209,Hays,TX,TX-607
48211,Hemphill,TX,TX-607
48213,Henderson,TX,TX-607
48215,Hidalgo,TX,TX-607
48217,Hill,TX,TX-607
48219,Hockley,TX,TX-607
48221,Hood,TX,TX-607
48223,Hopkins,TX,TX-607
48225,Houston,TX,TX-700
48227,Howard,TX,TX-607
48229,Hudspeth,TX,TX-607
48231,Hunt,TX,TX-607
48233,Hutchinson,TX,TX-607
48235,Irion,TX,TX-607
48237,Jack,TX,TX-607
48239,Jackson,TX,TX-607
48241,Jasper,TX,TX-607
48243,Jeff Davis,TX,TX-607
48245,Jefferson,TX,TX-607
48247,Jim Hogg,TX,TX-607
48249,Jim Wells,TX,TX-607
48251,Johnson,TX,TX-607
48253,Jones,TX,TX-607
48255,Karnes,TX,TX-607
48257,Kaufman,TX,TX-607
48259,Kendall,TX,TX-607
48261,Kenedy,TX,TX-607
48263,Kent,TX,TX-607
48265,Kerr,TX,TX-607
48267,Kimble,TX,TX-607
48269,King,TX,TX-607
48271,Kinney,TX,TX-607
48273,Kleberg,TX,TX-607
48275,Knox,TX,TX-607
48277,Lamar,TX,TX-607
48279,Lamb,TX,TX-607
48281,Lampasas,TX,TX-607
48283,La Salle,TX,TX-607
48285,Lavaca,TX,TX-607
48287,Lee,TX,TX-607
48289,Leon,TX,TX-607
48291,Liberty,TX,TX-607
48293,Limestone,TX,TX-607
48295,Lipscomb,TX,TX-607
48297,Live Oak,TX,TX-607
48299,Llano,TX,TX-607
48301,Loving,TX,TX-607
48303,Lubbock,TX,TX-607
48305,Lynn,TX,TX-607
48307,McCulloch,TX,TX-607
48309,McLennan,TX,TX-604
48311,McMullen,TX,TX-607
48313,Madison,TX,TX-607
48315,Marion,TX,TX-607
48317,Martin,TX,TX-607
48319,Mason,TX,TX-607
48321,Matagorda,TX,TX-607
48323,Maverick,TX,TX-607
48325,Medina,TX,TX-607
48327,Menard,TX,TX-607
48329,Midland,TX,TX-607
48331,Milam,TX,TX-607
48333,Mills,TX,TX-607
48335,Mitchell,TX,TX-607
48337,Montague,TX,TX-607
48339,Montgomery,TX,TX-607
48341,Moore,TX,TX-607
48343,Morris,TX,TX-607
48345,Motley,TX,TX-607
48347,Nacogdoches,TX,TX-607
48349,Navarro,TX,TX-607
48351,Newton,TX,TX-607
48353,Nolan,TX,TX-607
48355,Nueces,TX,TX-607
48357,Ochiltree,TX,TX-607
48359,Oldham,TX,TX-607
48361,Orange,TX,TX-607
48363,Palo Pinto,TX,TX-624
48365,Panola,TX,TX-607
48367,Parker,TX,TX-607
48369,Parmer,TX,TX-607
48371,Pecos,TX,TX-607
48373,Polk,TX,TX-607
48375,Potter,TX,TX-611
48377,Presidio,TX,TX-607
48379,Rains,TX,TX-607
48381,Randall,TX,TX-611
48383,Reagan,TX,TX-607
48385,Real,TX,TX-607
48387,Red River,TX,TX-607
48389,Reeves,TX,TX-607
48391,Refugio,TX,TX-607
48393,Roberts,TX,TX-607
48395,Robertson,TX,TX-607
48397,Rockwall,TX,TX-607
48399,Runnels,TX,TX-607
48401,Rusk,TX,TX-607
48403,Sabine,TX,TX-607
48405,San Augustine,TX,TX-607
48407,San Jacinto,TX,TX-607
48409,San Patricio,TX,TX-607
48411,San Saba,TX,TX-607
48413,Schleicher,TX,TX-607
48415,Scurry,TX,TX-607
48417,Shackelford,TX,TX-607
48419,Shelby,TX,TX-607
48421,Sherman,TX,TX-607
48423,Smith,TX,TX-607
48425,Somervell,TX,TX-607
48427,Starr,TX,TX-607
48429,Stephens,TX,TX-607
48431,Sterling,TX,TX-607
48433,Stonewall,TX,TX-607
48435,Sutton,TX,TX-607
48437,Swisher,TX,TX-607
48439,Tarrant,TX,TX-601
48441,Taylor,TX,TX-607
48443,Terrell,TX,TX-607
48445,Terry,TX,TX-607
48447,Throckmorton,TX,TX-607
48449,Titus,TX,TX-607
48451,Tom Green,TX,TX-607
48453,Travis,TX,TX-503
48455,Trinity,TX,TX-607
48457,Tyler,TX,TX-607
48459,Upshur,TX,TX-607
48461,Upton,TX,TX-607
48463,Uvalde,TX,TX-607
48465,Val Verde,TX,TX-607
48467,Van Zandt,TX,TX-607
48469,Victoria,TX,TX-607
48471,Walker,TX,TX-607
48473,Waller,TX,TX-607
48475,Ward,TX,TX-607
48477,Washington,TX,TX-607
48479,Webb,TX,TX-607
48481,Wharton,TX,TX-607
48483,Wheeler,TX,TX-607
48485,Wichita,TX,TX-624
48487,Wilbarger,TX,TX-607
48489,Willacy,TX,TX-607
48491,Williamson,TX,TX-607
48493,Wilson,TX,TX-607
48495,Winkler,TX,TX-607
48497,Wise,TX,TX-624
48499,Wood,TX,TX-607
48501,Yoakum,TX,TX-607
48503,Young,TX,TX-607
48505,Zapata,TX,TX-607
48507,Zavala,TX,TX-607
49001,Beaver,UT,UT-503
49003,Box Elder,UT,UT-503
49005,Cache,UT,UT-503
49007,Carbon,UT,UT-503
49009,Daggett,UT,UT-503
49011,Davis,UT,UT-503
49013,Duchesne,UT,UT-503
49015,Emery,UT,UT-503
49017,Garfield,UT,UT-503
49019,Grand,UT,UT-503
49021,Iron,UT,UT-503
49023,Juab,UT,UT-503
49025,Kane,UT,UT-503
49027,Millard,UT,UT-503
49029,Morgan,UT,UT-503
49031,Piute,UT,UT-503
49033,Rich,UT,UT-503
49035,Salt Lake,UT,UT-500
49037,San Juan,UT,UT-503
49039,Sanpete,UT,UT-503
49041,Sevier,UT,UT-503
49043,Summit,UT,UT-504
49045,Tooele,UT,UT-503
49047,Uintah,UT,UT-503
49049,Utah,UT,UT-504
49051,Wasatch,UT,UT-504
49053,Washington,UT,UT-503
49055,Wayne,UT,UT-503
49057,Weber,UT,UT-503
50001,Addison,VT,VT-500
50003,Bennington,VT,VT-500
50005,Caledonia,VT,VT-500
50007,Chittenden,VT,VT-501
50009,Essex,VT,VT-500
50011,Franklin,VT,VT-500
50013,Grand Isle,VT,VT-500
50015,Lamoille,VT,VT-500
50017,Orange,VT,VT-500
50019,Orleans,VT,VT-500
50021,Rutland,VT,VT-500
50023,Washington,VT,VT-500
50025,Windham,VT,VT-500
50027,Windsor,VT,VT-500
51001,Accomack,VA,VA-521
51003,Albemarle,VA,VA-521
51005,Alleghany,VA,VA-521
51007,Amelia,VA,VA-521
51009,Amherst,VA,VA-521
51011,Appomattox,VA,VA-521
51013,Arlington,VA,VA-600
51015,Augusta,VA,VA-521
51017,Bath,VA,VA-521
51019,Bedford,VA,VA-521
51021,Bland,VA,VA-521
51023,Botetourt,VA,VA-521
51025,Brunswick,VA,VA-521
51027,Buchanan,VA,VA-521
51029,Buckingham,VA,VA-521
51031,Campbell,VA,VA-521
51033,Caroline,VA,VA-521
51035,Carroll,VA,VA-521
51036,Charles City,VA,VA-521
51037,Charlotte,VA,VA-521
51041,Chesterfield,VA,VA-500
51043,Clarke,VA,VA-521
51045,Craig,VA,VA-521
51047,Culpeper,VA,VA-521
51049,Cumberland,VA,VA-521
51051,Dickenson,VA,VA-521
51053,Dinwiddie,VA,VA-521
51057,Essex,VA,VA-521
51059,Fairfax,VA,VA-601
51061,Fauquier,VA,VA-521
51063,Floyd,VA,VA-521
51065,Fluvanna,VA,VA-521
51067,Franklin,VA,VA-521
51069,Frederick,VA,VA-521
51071,Giles,VA,VA-521
51073,Gloucester,VA,VA-521
51075,Goochland,VA,VA-521
51077,Grayson,VA,VA-521
51079,Greene,VA,VA-521
51081,Greensville,VA,VA-521
51083,Halifax,VA,VA-521
51085,Hanover,VA,VA-500
51087,Henrico,VA,VA-500
51089,Henry,VA,VA-521
51091,Highland,VA,VA-521
51093,Isle of Wight,VA,VA-501
51095,James City,VA,VA-505
51097,King and Queen,VA,VA-521
51099,King George,VA,VA-521
51101,King William,VA,VA-521
51103,Lancaster,VA,VA-521
51105,Lee,VA,VA-521
51107,Loudoun,VA,VA-602
51109,Louisa,VA,VA-521
51111,Lunenburg,VA,VA-521
51113,Madison,VA,VA-521
51115,Mathews,VA,VA-521
51117,Mecklenburg,VA,VA-521
51119,Middlesex,VA,VA-521
51121,Montgomery,VA,VA-521
51125,Nelson,VA,VA-521
51127,New Kent,VA,VA-521
51131,Northampton,VA,VA-521
51133,Northumberland,VA,VA-521
51135,Nottoway,VA,VA-521
51137,Orange,VA,VA-521
51139,Page,VA,VA-521
51141,Patrick,VA,VA-521
51143,Pittsylvania,VA,VA-521
51145,Powhatan,VA,VA-521
51147,Prince Edward,VA,VA-521
51149,Prince George,VA,VA-521
51153,Prince William,VA,VA-521
51155,Pulaski,VA,VA-521
51157,Rappahannock,VA,VA-521
51159,Richmond,VA,VA-521
51161,Roanoke,VA,VA-502
51163,Rockbridge,VA,VA-521
51165,Rockingham,VA,VA-521
51167,Russell,VA,VA-521
51169,Scott,VA,VA-521
51171,Shenandoah,VA,VA-521
51173,Smyth,VA,VA-521
51175,Southampton,VA,VA-501
51177,Spotsylvania,VA,VA-521
51179,Stafford,VA,VA-514
51181,Surry,VA,VA-521
51183,Sussex,VA,VA-521
51185,Tazewell,VA,VA-521
51187,Warren,VA,VA-521
51191,Washington,VA,VA-521
51193,Westmoreland,VA,VA-521
51195,Wise,VA,VA-521
51197,Wythe,VA,VA-521
51199,York,VA,VA-505
51510,Alexandria City,VA,VA-521
51520,Bristol City,VA,VA-521
51530,Buena Vista City,VA,VA-521
51540,Charlottesville City,VA,VA-504
51550,Chesapeake City,VA,VA-521
51560,Clifton Forge,VA,VA-521
51570,Colonial Heights Cit,VA,VA-521
51580,Covington City,VA,VA-521
51590,Danville City,VA,VA-521
51595,Emporia City,VA,VA-521
51600,Fairfax City,VA,VA-521
51610,Falls Church City,VA,VA-521
51620,Franklin City,VA,VA-521
51630,Fredericksburg City,VA,VA-514
51640,Galax City,VA,VA-521
51650,Hampton City,VA,VA-505
51660,Harrisonburg City,VA,VA-513
51670,Hopewell City,VA,VA-521
51678,Lexington City,VA,VA-521
51680,Lynchburg City,VA,VA-508
51683,Manassas City,VA,VA-521
51685,Manassas Park City,VA,VA-521
51690,Martinsville City,VA,VA-521
51700,Newport News City,VA,VA-505
51710,Norfolk City,VA,VA-521
51720,Norton City,VA,VA-521
51730,Petersburg City,VA,VA-521
51735,Poquoson City,VA,VA-505
51740,Portsmouth City,VA,VA-507
51750,Radford City,VA,VA-521
51760,Richmond City,VA,VA-521
51770,Roanoke City,VA,VA-521
51775,Salem City,VA,VA-521
51780,South Boston City,VA,VA-521
51790,Staunton City,VA,VA-521
51800,Suffolk City,VA,VA-521
51810,Virginia Beach City,VA,VA-503
51820,Waynesboro City,VA,VA-521
51830,Williamsburg City,VA,VA-521
51840,Winchester City,VA,VA-513
53001,Adams,WA,WA-501
53003,Asotin,WA,WA-501
53005,Benton,WA,WA-501
53007,Chelan,WA,WA-501
53009,Clallam,WA,WA-501
53011,Clark,WA,WA-508
53013,Columbia,WA,WA-501
53015,Cowlitz,WA,WA-501
53017,Douglas,WA,WA-501
53019,Ferry,WA,WA-501
53021,Franklin,WA,WA-501
53023,Garfield,WA,WA-501
53025,Grant,WA,WA-501
53027,Grays Harbor,WA,WA-501
53029,Island,WA,WA-501
53031,Jefferson,WA,WA-501
53033,King,WA,WA-500
53035,Kitsap,WA,WA-501
53037,Kittitas,WA,WA-501
53039,Klickitat,WA,WA-501
53041,Lewis,WA,WA-501
53043,Lincoln,WA,WA-501
53045,Mason,WA,WA-501
53047,Okanogan,WA,WA-501
53049,Pacific,WA,WA-501
53051,Pend Oreille,WA,WA-501
53053,Pierce,WA,WA-503
53055,San Juan,WA,WA-501
53057,Skagit,WA,WA-501
53059,Skamania,WA,WA-501
53061,Snohomish,WA,WA-504
53063,Spokane,WA,WA-502
53065,Stevens,WA,WA-501
53067,Thurston,WA,WA-501
53069,Wahkiakum,WA,WA-501
53071,Walla Walla,WA,WA-501
53073,Whatcom,WA,WA-501
53075,Whitman,WA,WA-501
53077,Yakima,WA,WA-507
54001,Barbour,WV,WV-508
54003,Berkeley,WV,WV-508
54005,Boone,WV,WV-503
54007,Braxton,WV,WV-508
54009,Brooke,WV,WV-500
54011,Cabell,WV,WV-501
54013,Calhoun,WV,WV-508
54015,Clay,WV,WV-503
54017,Doddridge,WV,WV-508
54019,Fayette,WV,WV-508
54021,Gilmer,WV,WV-508
54023,Grant,WV,WV-508
54025,Greenbrier,WV,WV-508
54027,Hampshire,WV,WV-508
54029,Hancock,WV,WV-500
54031,Hardy,WV,WV-508
54033,Harrison,WV,WV-508
54035,Jackson,WV,WV-508
54037,Jefferson,WV,WV-508
54039,Kanawha,WV,WV-503
54041,Lewis,WV,WV-508
54043,Lincoln,WV,WV-508
54045,Logan,WV,WV-508
54047,McDowell,WV,WV-508
54049,Marion,WV,WV-508
54051,Marshall,WV,WV-500
54053,Mason,WV,WV-508
54055,Mercer,WV,WV-508
54057,Mineral,WV,WV-508
54059,Mingo,WV,WV-508
54061,Monongalia,WV,WV-508
54063,Monroe,WV,WV-508
54065,Morgan,WV,WV-508
54067,Nicholas,WV,WV-508
54069,Ohio,WV,WV-500
54071,Pendleton,WV,WV-508
54073,Pleasants,WV,WV-508
54075,Pocahontas,WV,WV-508
54077,Preston,WV,WV-508
54079,Putnam,WV,WV-503
54081,Raleigh,WV,WV-508
54083,Randolph,WV,WV-508
54085,Ritchie,WV,WV-508
54087,Roane,WV,WV-508
54089,Summers,WV,WV-508
54091,Taylor,WV,WV-508
54093,Tucker,WV,WV-508
54095,Tyler,WV,WV-508
54097,Upshur,WV,WV-508
54099,Wayne,WV,WV-501
54101,Webster,WV,WV-508
54103,Wetzel,WV,WV-508
54105,Wirt,WV,WV-508
54107,Wood,WV,WV-508
54109,Wyoming,WV,WV-508
55001,Adams,WI,WI-500
55003,Ashland,WI,WI-500
55005,Barron,WI,WI-500
55007,Bayfield,WI,WI-500
55009,Brown,WI,WI-500
55011,Buffalo,WI,WI-500
55013,Burnett,WI,WI-500
55015,Calumet,WI,WI-500
55017,Chippewa,WI,WI-500
55019,Clark,WI,WI-500
55021,Columbia,WI,WI-500
55023,Crawford,WI,WI-500
55025,Dane,WI,WI-503
55027,Dodge,WI,WI-500
55029,Door,WI,WI-500
55031,Douglas,WI,WI-500
55033,Dunn,WI,WI-500
55035,Eau Claire,WI,WI-500
55037,Florence,WI,WI-500
55039,Fond du Lac,WI,WI-500
55041,Forest,WI,WI-500
55043,Grant,WI,WI-500
55045,Green,WI,WI-500
55047,Green Lake,WI,WI-500
55049,Iowa,WI,WI-500
55051,Iron,WI,WI-500
55053,Jackson,WI,WI-500
55055,Jefferson,WI,WI-500
55057,Juneau,WI,WI-500
55059,Kenosha,WI,WI-500
55061,Kewaunee,WI,WI-500
55063,La Crosse,WI,WI-500
55065,Lafayette,WI,WI-500
55067,Langlade,WI,WI-500
55069,Lincoln,WI,WI-500
55071,Manitowoc,WI,WI-500
55073,Marathon,WI,WI-500
55075,Marinette,WI,WI-500
55077,Marquette,WI,WI-500
55078,Menominee,WI,WI-500
55079,Milwaukee,WI,WI-501
55081,Monroe,WI,WI-500
55083,Oconto,WI,WI-500
55085,Oneida,WI,WI-500
55087,Outagamie,WI,WI-500
55089,Ozaukee,WI,WI-500
55091,Pepin,WI,WI-500
55093,Pierce,WI,WI-500
55095,Polk,WI,WI-500
55097,Portage,WI,WI-500
55099,Price,WI,WI-500
55101,Racine,WI,WI-502
55103,Richland,WI,WI-500
55105,Rock,WI,WI-500
55107,Rusk,WI,WI-500
55109,St. Croix,WI,WI-500
55111,Sauk,WI,WI-500
55113,Sawyer,WI,WI-500
55115,Shawano,WI,WI-500
55117,Sheboygan,WI,WI-500
55119,Taylor,WI,WI-500
55121,Trempealeau,WI,WI-500
55123,Vernon,WI,WI-500
55125,Vilas,WI,WI-500
55127,Walworth,WI,WI-500
55129,Washburn,WI,WI-500
55131,Washington,WI,WI-500
55133,Waukesha,WI,WI-500
55135,Waupaca,WI,WI-500
55137,Waushara,WI,WI-500
55139,Winnebago,WI,WI-500
55141,Wood,WI,WI-500
56001,Albany,WY,WY-500
56003,Big Horn,WY,WY-500
56005,Campbell,WY,WY-500
56007,Carbon,WY,WY-500
56009,Converse,WY,WY-500
56011,Crook,WY,WY-500
56013,Fremont,WY,WY-500
56015,Goshen,WY,WY-500
56017,Hot Springs,WY,WY-500
56019,Johnson,WY,WY-500
56021,Laramie,WY,WY-500
56023,Lincoln,WY,WY-500
56025,Natrona,WY,WY-500
56027,Niobrara,WY,WY-500
56029,Park,WY,WY-500
56031,Platte,WY,WY-500
56033,Sheridan,WY,WY-500
56035,Sublette,WY,WY-500
56037,Sweetwater,WY,WY-500
56039,Teton,WY,WY-500
56041,Uinta,WY,WY-500
56043,Washakie,WY,WY-500
56045,Weston,WY,WY-500
